-- phpMyAdmin SQL Dump
-- version 5.2.0
-- https://www.phpmyadmin.net/
--
-- Host: 127.0.0.1
-- Generation Time: Nov 17, 2022 at 03:15 PM
-- Server version: 10.4.25-MariaDB
-- PHP Version: 7.4.30

SET SQL_MODE = "NO_AUTO_VALUE_ON_ZERO";
START TRANSACTION;
SET time_zone = "+00:00";


/*!40101 SET @OLD_CHARACTER_SET_CLIENT=@@CHARACTER_SET_CLIENT */;
/*!40101 SET @OLD_CHARACTER_SET_RESULTS=@@CHARACTER_SET_RESULTS */;
/*!40101 SET @OLD_COLLATION_CONNECTION=@@COLLATION_CONNECTION */;
/*!40101 SET NAMES utf8mb4 */;

--
-- Database: `picnic`
--

-- --------------------------------------------------------

--
-- Table structure for table `descriptions`
--

CREATE TABLE `descriptions` (
  `id` int(11) NOT NULL,
  `name` varchar(100) NOT NULL
) ENGINE=InnoDB DEFAULT CHARSET=utf8mb4;

--
-- Dumping data for table `descriptions`
--

INSERT INTO `descriptions` (`id`, `name`) VALUES
(1, 'Mobile respondents'),
(2, 'Web-based respondents'),
(3, 'Female respondents'),
(4, 'Male respondents'),
(5, 'John Glenn High School'),
(6, 'Alfred State University'),
(7, 'Johns Hopkins University'),
(8, 'Chapman University'),
(9, 'Hillsdale College'),
(10, 'University of New Hampshire'),
(11, 'University of North Carolina'),
(12, 'Vanderbilt University'),
(13, 'University of Virginia'),
(14, 'University of Texas'),
(15, 'Cornell University'),
(16, 'Butler University'),
(17, 'University of Illinois'),
(18, 'University of Washington'),
(19, 'Cal Poly San Luis Obispo'),
(20, 'Penn State University'),
(21, 'University of Michigan'),
(22, 'Northwestern University'),
(23, 'Montgomery Blair High School'),
(24, 'University of Alabama'),
(25, 'James Madison University'),
(26, 'Texas Christian University'),
(27, 'Texas A&M University'),
(28, 'University of Arkansas'),
(29, 'San Diego State University'),
(30, 'University of Colorado Boulder'),
(31, 'Smith College'),
(32, 'University of Notre Dame'),
(33, 'University of Nebraska Omaha'),
(34, 'University of Delaware'),
(35, 'Florida Atlantic University'),
(36, 'University of Wisconsin Stevens Point'),
(37, 'University of California Riverside'),
(38, 'Louisiana State University'),
(39, 'Temple University'),
(40, 'High Point University'),
(41, 'Dartmouth College'),
(42, 'Duke University'),
(43, 'University of California Irvine'),
(44, 'University of British Columbia'),
(45, 'San Marin High School'),
(46, 'Ohio University'),
(47, 'Wilfred Laurier University'),
(48, 'UMass Amherst'),
(49, 'University of Southern California'),
(50, 'University of California, Los Angeles'),
(51, 'Iowa State University'),
(52, 'University of California, Davis'),
(53, 'Missouri State University'),
(54, 'Rice University'),
(55, 'University of Tennessee'),
(56, 'Claremont McKenna College'),
(57, 'University of Oregon'),
(58, 'Chaparral High School'),
(59, 'Syracuse University'),
(60, 'University of Waterloo'),
(61, 'Mountain Vista High School'),
(62, 'Texas State University'),
(63, 'Southern Illinois University Carbondale'),
(64, 'George Washington University'),
(65, 'University of Louisville'),
(66, 'Southern Methodist University'),
(67, 'University of Minnesota'),
(68, 'York University'),
(69, 'Santa Clara University'),
(70, 'Indiana University'),
(71, 'University of California, Berkeley'),
(72, 'College of William and Mary'),
(73, 'University of Missouri'),
(74, 'Virginia Tech'),
(75, 'Purdue University'),
(76, 'Appalachian State University'),
(77, 'Emory University'),
(78, 'University of Arizona'),
(79, 'Truman State University'),
(80, 'University of Wisconsin-Madison'),
(81, 'Ohio State University'),
(82, 'your parents make? $90K-$240k'),
(83, 'student loan debt? No'),
(84, 'student loan debt? Yes'),
(85, 'you vote for? Didn\'t vote'),
(86, 'your parents make?  < $50K'),
(87, 'you vote for? Writing in Bernie'),
(88, 'you vote for? Hillary Clinton'),
(89, 'Graduation Year 2019'),
(90, 'closely identify as? White'),
(91, 'Mac or PC? Mac ðŸ–¥'),
(92, 'I\'m in? Post-grad'),
(93, 'Mac or PC? PC ðŸ’»'),
(94, 'Graduation Year 2018'),
(95, 'your parents make? > $240K'),
(96, 'is your age? 35 or older'),
(97, 'is your age? 31-34'),
(98, 'What\'s your leaning? In-between'),
(99, 'What\'s your leaning? Liberal ðŸ”·'),
(100, 'What\'s your leaning? Conservative ðŸ˜'),
(101, 'is your age? 25-30'),
(102, 'is your age? 18-24'),
(103, 'is your age? 15-17'),
(104, 'is your age? 14 or younger'),
(105, 'I\'m in? College'),
(106, 'you vote for? Other'),
(107, 'you vote for? Gary Johnson'),
(108, 'Are you? None/Other'),
(109, 'Are you? Muslim'),
(110, 'Are you? Jewish'),
(111, 'Sexual orientation? Bi'),
(112, 'Sexual orientation? Straight'),
(113, 'Sexual orientation? Gay'),
(114, 'I\'m in? Other'),
(115, 'Are you? Christian'),
(116, 'you vote for? Jill Stein'),
(117, 'closely identify as? Black'),
(118, 'Sexual orientation? Confused'),
(119, 'I\'m in? Grad School'),
(120, 'Graduation Year 2020'),
(121, 'you vote for? Donald Trump'),
(122, 'Graduation Year 2017'),
(123, 'closely identify as? Other'),
(124, 'closely identify as? Native American'),
(125, 'closely identify as? Asian'),
(126, 'closely identify as? Hispanic'),
(127, 'I\'m in? High School'),
(128, 'your parents make?  $50K-$90K'),
(129, 'Mac or PC? Other ðŸ§');

-- --------------------------------------------------------

--
-- Table structure for table `main`
--

CREATE TABLE `main` (
  `id` int(11) NOT NULL,
  `question` varchar(255) NOT NULL,
  `segment_id` int(11) NOT NULL,
  `segment` varchar(100) NOT NULL,
  `description_id` int(11) NOT NULL,
  `description` varchar(100) NOT NULL,
  `platform_id` int(11) NOT NULL,
  `votes` int(11) NOT NULL,
  `percentage` double(6,3) NOT NULL
) ENGINE=InnoDB DEFAULT CHARSET=utf8mb4;

--
-- Dumping data for table `main`
--

INSERT INTO `main` (`id`, `question`, `segment_id`, `segment`, `description_id`, `description`, `platform_id`, `votes`, `percentage`) VALUES
(1, 'You open ur phone and have a notif badge on instagram, facebook, snapchat, and linkedin...which do you click first?', 1, 'Mobile', 1, 'Mobile respondents', 1, 2559, 0.273),
(2, 'You open ur phone and have a notif badge on instagram, facebook, snapchat, and linkedin...which do you click first?', 1, 'Mobile', 1, 'Mobile respondents', 2, 1182, 0.126),
(3, 'You open ur phone and have a notif badge on instagram, facebook, snapchat, and linkedin...which do you click first?', 1, 'Mobile', 1, 'Mobile respondents', 3, 5423, 0.579),
(4, 'You open ur phone and have a notif badge on instagram, facebook, snapchat, and linkedin...which do you click first?', 1, 'Mobile', 1, 'Mobile respondents', 4, 210, 0.022),
(5, 'You open ur phone and have a notif badge on instagram, facebook, snapchat, and linkedin...which do you click first?', 2, 'Web', 2, 'Web-based respondents', 1, 30, 0.256),
(6, 'You open ur phone and have a notif badge on instagram, facebook, snapchat, and linkedin...which do you click first?', 2, 'Web', 2, 'Web-based respondents', 2, 32, 0.274),
(7, 'You open ur phone and have a notif badge on instagram, facebook, snapchat, and linkedin...which do you click first?', 2, 'Web', 2, 'Web-based respondents', 3, 47, 0.402),
(8, 'You open ur phone and have a notif badge on instagram, facebook, snapchat, and linkedin...which do you click first?', 2, 'Web', 2, 'Web-based respondents', 4, 8, 0.068),
(9, 'You open ur phone and have a notif badge on instagram, facebook, snapchat, and linkedin...which do you click first?', 3, 'Gender', 3, 'Female respondents', 1, 1576, 0.300),
(10, 'You open ur phone and have a notif badge on instagram, facebook, snapchat, and linkedin...which do you click first?', 3, 'Gender', 3, 'Female respondents', 2, 644, 0.122),
(11, 'You open ur phone and have a notif badge on instagram, facebook, snapchat, and linkedin...which do you click first?', 3, 'Gender', 3, 'Female respondents', 3, 2967, 0.564),
(12, 'You open ur phone and have a notif badge on instagram, facebook, snapchat, and linkedin...which do you click first?', 3, 'Gender', 3, 'Female respondents', 4, 73, 0.014),
(13, 'You open ur phone and have a notif badge on instagram, facebook, snapchat, and linkedin...which do you click first?', 3, 'Gender', 4, 'Male respondents', 1, 1008, 0.240),
(14, 'You open ur phone and have a notif badge on instagram, facebook, snapchat, and linkedin...which do you click first?', 3, 'Gender', 4, 'Male respondents', 2, 565, 0.135),
(15, 'You open ur phone and have a notif badge on instagram, facebook, snapchat, and linkedin...which do you click first?', 3, 'Gender', 4, 'Male respondents', 3, 2483, 0.591),
(16, 'You open ur phone and have a notif badge on instagram, facebook, snapchat, and linkedin...which do you click first?', 3, 'Gender', 4, 'Male respondents', 4, 142, 0.034),
(17, 'You open ur phone and have a notif badge on instagram, facebook, snapchat, and linkedin...which do you click first?', 4, 'University', 5, 'John Glenn High School', 1, 0, 0.000),
(18, 'You open ur phone and have a notif badge on instagram, facebook, snapchat, and linkedin...which do you click first?', 4, 'University', 5, 'John Glenn High School', 2, 0, 0.000),
(19, 'You open ur phone and have a notif badge on instagram, facebook, snapchat, and linkedin...which do you click first?', 4, 'University', 5, 'John Glenn High School', 3, 0, 0.000),
(20, 'You open ur phone and have a notif badge on instagram, facebook, snapchat, and linkedin...which do you click first?', 4, 'University', 5, 'John Glenn High School', 4, 1, 1.000),
(21, 'You open ur phone and have a notif badge on instagram, facebook, snapchat, and linkedin...which do you click first?', 4, 'University', 6, 'Alfred State University', 1, 0, 0.000),
(22, 'You open ur phone and have a notif badge on instagram, facebook, snapchat, and linkedin...which do you click first?', 4, 'University', 6, 'Alfred State University', 2, 1, 1.000),
(23, 'You open ur phone and have a notif badge on instagram, facebook, snapchat, and linkedin...which do you click first?', 4, 'University', 6, 'Alfred State University', 3, 0, 0.000),
(24, 'You open ur phone and have a notif badge on instagram, facebook, snapchat, and linkedin...which do you click first?', 4, 'University', 6, 'Alfred State University', 4, 0, 0.000),
(25, 'You open ur phone and have a notif badge on instagram, facebook, snapchat, and linkedin...which do you click first?', 4, 'University', 7, 'Johns Hopkins University', 1, 2, 0.053),
(26, 'You open ur phone and have a notif badge on instagram, facebook, snapchat, and linkedin...which do you click first?', 4, 'University', 7, 'Johns Hopkins University', 2, 14, 0.368),
(27, 'You open ur phone and have a notif badge on instagram, facebook, snapchat, and linkedin...which do you click first?', 4, 'University', 7, 'Johns Hopkins University', 3, 21, 0.553),
(28, 'You open ur phone and have a notif badge on instagram, facebook, snapchat, and linkedin...which do you click first?', 4, 'University', 7, 'Johns Hopkins University', 4, 1, 0.026),
(29, 'You open ur phone and have a notif badge on instagram, facebook, snapchat, and linkedin...which do you click first?', 4, 'University', 8, 'Chapman University', 1, 0, 0.000),
(30, 'You open ur phone and have a notif badge on instagram, facebook, snapchat, and linkedin...which do you click first?', 4, 'University', 8, 'Chapman University', 2, 0, 0.000),
(31, 'You open ur phone and have a notif badge on instagram, facebook, snapchat, and linkedin...which do you click first?', 4, 'University', 8, 'Chapman University', 3, 1, 1.000),
(32, 'You open ur phone and have a notif badge on instagram, facebook, snapchat, and linkedin...which do you click first?', 4, 'University', 8, 'Chapman University', 4, 0, 0.000),
(33, 'You open ur phone and have a notif badge on instagram, facebook, snapchat, and linkedin...which do you click first?', 4, 'University', 9, 'Hillsdale College', 1, 0, 0.000),
(34, 'You open ur phone and have a notif badge on instagram, facebook, snapchat, and linkedin...which do you click first?', 4, 'University', 9, 'Hillsdale College', 2, 0, 0.000),
(35, 'You open ur phone and have a notif badge on instagram, facebook, snapchat, and linkedin...which do you click first?', 4, 'University', 9, 'Hillsdale College', 3, 1, 1.000),
(36, 'You open ur phone and have a notif badge on instagram, facebook, snapchat, and linkedin...which do you click first?', 4, 'University', 9, 'Hillsdale College', 4, 0, 0.000),
(37, 'You open ur phone and have a notif badge on instagram, facebook, snapchat, and linkedin...which do you click first?', 4, 'University', 10, 'University of New Hampshire', 1, 2, 1.000),
(38, 'You open ur phone and have a notif badge on instagram, facebook, snapchat, and linkedin...which do you click first?', 4, 'University', 10, 'University of New Hampshire', 2, 0, 0.000),
(39, 'You open ur phone and have a notif badge on instagram, facebook, snapchat, and linkedin...which do you click first?', 4, 'University', 10, 'University of New Hampshire', 3, 0, 0.000),
(40, 'You open ur phone and have a notif badge on instagram, facebook, snapchat, and linkedin...which do you click first?', 4, 'University', 10, 'University of New Hampshire', 4, 0, 0.000),
(41, 'You open ur phone and have a notif badge on instagram, facebook, snapchat, and linkedin...which do you click first?', 4, 'University', 11, 'University of North Carolina', 1, 9, 0.237),
(42, 'You open ur phone and have a notif badge on instagram, facebook, snapchat, and linkedin...which do you click first?', 4, 'University', 11, 'University of North Carolina', 2, 3, 0.079),
(43, 'You open ur phone and have a notif badge on instagram, facebook, snapchat, and linkedin...which do you click first?', 4, 'University', 11, 'University of North Carolina', 3, 26, 0.684),
(44, 'You open ur phone and have a notif badge on instagram, facebook, snapchat, and linkedin...which do you click first?', 4, 'University', 11, 'University of North Carolina', 4, 0, 0.000),
(45, 'You open ur phone and have a notif badge on instagram, facebook, snapchat, and linkedin...which do you click first?', 4, 'University', 12, 'Vanderbilt University', 1, 11, 0.275),
(46, 'You open ur phone and have a notif badge on instagram, facebook, snapchat, and linkedin...which do you click first?', 4, 'University', 12, 'Vanderbilt University', 2, 8, 0.200),
(47, 'You open ur phone and have a notif badge on instagram, facebook, snapchat, and linkedin...which do you click first?', 4, 'University', 12, 'Vanderbilt University', 3, 21, 0.525),
(48, 'You open ur phone and have a notif badge on instagram, facebook, snapchat, and linkedin...which do you click first?', 4, 'University', 12, 'Vanderbilt University', 4, 0, 0.000),
(49, 'You open ur phone and have a notif badge on instagram, facebook, snapchat, and linkedin...which do you click first?', 4, 'University', 13, 'University of Virginia', 1, 37, 0.236),
(50, 'You open ur phone and have a notif badge on instagram, facebook, snapchat, and linkedin...which do you click first?', 4, 'University', 13, 'University of Virginia', 2, 27, 0.172),
(51, 'You open ur phone and have a notif badge on instagram, facebook, snapchat, and linkedin...which do you click first?', 4, 'University', 13, 'University of Virginia', 3, 86, 0.548),
(52, 'You open ur phone and have a notif badge on instagram, facebook, snapchat, and linkedin...which do you click first?', 4, 'University', 13, 'University of Virginia', 4, 7, 0.045),
(53, 'You open ur phone and have a notif badge on instagram, facebook, snapchat, and linkedin...which do you click first?', 4, 'University', 14, 'University of Texas', 1, 8, 0.242),
(54, 'You open ur phone and have a notif badge on instagram, facebook, snapchat, and linkedin...which do you click first?', 4, 'University', 14, 'University of Texas', 2, 5, 0.152),
(55, 'You open ur phone and have a notif badge on instagram, facebook, snapchat, and linkedin...which do you click first?', 4, 'University', 14, 'University of Texas', 3, 16, 0.485),
(56, 'You open ur phone and have a notif badge on instagram, facebook, snapchat, and linkedin...which do you click first?', 4, 'University', 14, 'University of Texas', 4, 4, 0.121),
(57, 'You open ur phone and have a notif badge on instagram, facebook, snapchat, and linkedin...which do you click first?', 4, 'University', 15, 'Cornell University', 1, 113, 0.248),
(58, 'You open ur phone and have a notif badge on instagram, facebook, snapchat, and linkedin...which do you click first?', 4, 'University', 15, 'Cornell University', 2, 97, 0.213),
(59, 'You open ur phone and have a notif badge on instagram, facebook, snapchat, and linkedin...which do you click first?', 4, 'University', 15, 'Cornell University', 3, 226, 0.496),
(60, 'You open ur phone and have a notif badge on instagram, facebook, snapchat, and linkedin...which do you click first?', 4, 'University', 15, 'Cornell University', 4, 20, 0.044),
(61, 'You open ur phone and have a notif badge on instagram, facebook, snapchat, and linkedin...which do you click first?', 4, 'University', 16, 'Butler University', 1, 9, 0.333),
(62, 'You open ur phone and have a notif badge on instagram, facebook, snapchat, and linkedin...which do you click first?', 4, 'University', 16, 'Butler University', 2, 2, 0.074),
(63, 'You open ur phone and have a notif badge on instagram, facebook, snapchat, and linkedin...which do you click first?', 4, 'University', 16, 'Butler University', 3, 13, 0.481),
(64, 'You open ur phone and have a notif badge on instagram, facebook, snapchat, and linkedin...which do you click first?', 4, 'University', 16, 'Butler University', 4, 3, 0.111),
(65, 'You open ur phone and have a notif badge on instagram, facebook, snapchat, and linkedin...which do you click first?', 4, 'University', 17, 'University of Illinois', 1, 8, 0.110),
(66, 'You open ur phone and have a notif badge on instagram, facebook, snapchat, and linkedin...which do you click first?', 4, 'University', 17, 'University of Illinois', 2, 13, 0.178),
(67, 'You open ur phone and have a notif badge on instagram, facebook, snapchat, and linkedin...which do you click first?', 4, 'University', 17, 'University of Illinois', 3, 47, 0.644),
(68, 'You open ur phone and have a notif badge on instagram, facebook, snapchat, and linkedin...which do you click first?', 4, 'University', 17, 'University of Illinois', 4, 5, 0.068),
(69, 'You open ur phone and have a notif badge on instagram, facebook, snapchat, and linkedin...which do you click first?', 4, 'University', 18, 'University of Washington', 1, 82, 0.347),
(70, 'You open ur phone and have a notif badge on instagram, facebook, snapchat, and linkedin...which do you click first?', 4, 'University', 18, 'University of Washington', 2, 36, 0.153),
(71, 'You open ur phone and have a notif badge on instagram, facebook, snapchat, and linkedin...which do you click first?', 4, 'University', 18, 'University of Washington', 3, 115, 0.487),
(72, 'You open ur phone and have a notif badge on instagram, facebook, snapchat, and linkedin...which do you click first?', 4, 'University', 18, 'University of Washington', 4, 3, 0.013),
(73, 'You open ur phone and have a notif badge on instagram, facebook, snapchat, and linkedin...which do you click first?', 4, 'University', 19, 'Cal Poly San Luis Obispo', 1, 5, 0.192),
(74, 'You open ur phone and have a notif badge on instagram, facebook, snapchat, and linkedin...which do you click first?', 4, 'University', 19, 'Cal Poly San Luis Obispo', 2, 2, 0.077),
(75, 'You open ur phone and have a notif badge on instagram, facebook, snapchat, and linkedin...which do you click first?', 4, 'University', 19, 'Cal Poly San Luis Obispo', 3, 19, 0.731),
(76, 'You open ur phone and have a notif badge on instagram, facebook, snapchat, and linkedin...which do you click first?', 4, 'University', 19, 'Cal Poly San Luis Obispo', 4, 0, 0.000),
(77, 'You open ur phone and have a notif badge on instagram, facebook, snapchat, and linkedin...which do you click first?', 4, 'University', 20, 'Penn State University', 1, 5, 0.217),
(78, 'You open ur phone and have a notif badge on instagram, facebook, snapchat, and linkedin...which do you click first?', 4, 'University', 20, 'Penn State University', 2, 6, 0.261),
(79, 'You open ur phone and have a notif badge on instagram, facebook, snapchat, and linkedin...which do you click first?', 4, 'University', 20, 'Penn State University', 3, 12, 0.522),
(80, 'You open ur phone and have a notif badge on instagram, facebook, snapchat, and linkedin...which do you click first?', 4, 'University', 20, 'Penn State University', 4, 0, 0.000),
(81, 'You open ur phone and have a notif badge on instagram, facebook, snapchat, and linkedin...which do you click first?', 4, 'University', 21, 'University of Michigan', 1, 12, 0.207),
(82, 'You open ur phone and have a notif badge on instagram, facebook, snapchat, and linkedin...which do you click first?', 4, 'University', 21, 'University of Michigan', 2, 17, 0.293),
(83, 'You open ur phone and have a notif badge on instagram, facebook, snapchat, and linkedin...which do you click first?', 4, 'University', 21, 'University of Michigan', 3, 25, 0.431),
(84, 'You open ur phone and have a notif badge on instagram, facebook, snapchat, and linkedin...which do you click first?', 4, 'University', 21, 'University of Michigan', 4, 4, 0.069),
(85, 'You open ur phone and have a notif badge on instagram, facebook, snapchat, and linkedin...which do you click first?', 4, 'University', 22, 'Northwestern University', 1, 12, 0.250),
(86, 'You open ur phone and have a notif badge on instagram, facebook, snapchat, and linkedin...which do you click first?', 4, 'University', 22, 'Northwestern University', 2, 14, 0.292),
(87, 'You open ur phone and have a notif badge on instagram, facebook, snapchat, and linkedin...which do you click first?', 4, 'University', 22, 'Northwestern University', 3, 20, 0.417),
(88, 'You open ur phone and have a notif badge on instagram, facebook, snapchat, and linkedin...which do you click first?', 4, 'University', 22, 'Northwestern University', 4, 2, 0.042),
(89, 'You open ur phone and have a notif badge on instagram, facebook, snapchat, and linkedin...which do you click first?', 4, 'University', 23, 'Montgomery Blair High School', 1, 8, 0.216),
(90, 'You open ur phone and have a notif badge on instagram, facebook, snapchat, and linkedin...which do you click first?', 4, 'University', 23, 'Montgomery Blair High School', 2, 3, 0.081),
(91, 'You open ur phone and have a notif badge on instagram, facebook, snapchat, and linkedin...which do you click first?', 4, 'University', 23, 'Montgomery Blair High School', 3, 24, 0.649),
(92, 'You open ur phone and have a notif badge on instagram, facebook, snapchat, and linkedin...which do you click first?', 4, 'University', 23, 'Montgomery Blair High School', 4, 2, 0.054),
(93, 'You open ur phone and have a notif badge on instagram, facebook, snapchat, and linkedin...which do you click first?', 4, 'University', 24, 'University of Alabama', 1, 9, 0.333),
(94, 'You open ur phone and have a notif badge on instagram, facebook, snapchat, and linkedin...which do you click first?', 4, 'University', 24, 'University of Alabama', 2, 3, 0.111),
(95, 'You open ur phone and have a notif badge on instagram, facebook, snapchat, and linkedin...which do you click first?', 4, 'University', 24, 'University of Alabama', 3, 14, 0.519),
(96, 'You open ur phone and have a notif badge on instagram, facebook, snapchat, and linkedin...which do you click first?', 4, 'University', 24, 'University of Alabama', 4, 1, 0.037),
(97, 'You open ur phone and have a notif badge on instagram, facebook, snapchat, and linkedin...which do you click first?', 4, 'University', 25, 'James Madison University', 1, 8, 0.400),
(98, 'You open ur phone and have a notif badge on instagram, facebook, snapchat, and linkedin...which do you click first?', 4, 'University', 25, 'James Madison University', 2, 1, 0.050),
(99, 'You open ur phone and have a notif badge on instagram, facebook, snapchat, and linkedin...which do you click first?', 4, 'University', 25, 'James Madison University', 3, 11, 0.550),
(100, 'You open ur phone and have a notif badge on instagram, facebook, snapchat, and linkedin...which do you click first?', 4, 'University', 25, 'James Madison University', 4, 0, 0.000),
(101, 'You open ur phone and have a notif badge on instagram, facebook, snapchat, and linkedin...which do you click first?', 4, 'University', 26, 'Texas Christian University', 1, 4, 0.200),
(102, 'You open ur phone and have a notif badge on instagram, facebook, snapchat, and linkedin...which do you click first?', 4, 'University', 26, 'Texas Christian University', 2, 4, 0.200),
(103, 'You open ur phone and have a notif badge on instagram, facebook, snapchat, and linkedin...which do you click first?', 4, 'University', 26, 'Texas Christian University', 3, 10, 0.500),
(104, 'You open ur phone and have a notif badge on instagram, facebook, snapchat, and linkedin...which do you click first?', 4, 'University', 26, 'Texas Christian University', 4, 2, 0.100),
(105, 'You open ur phone and have a notif badge on instagram, facebook, snapchat, and linkedin...which do you click first?', 4, 'University', 27, 'Texas A&M University', 1, 5, 0.238),
(106, 'You open ur phone and have a notif badge on instagram, facebook, snapchat, and linkedin...which do you click first?', 4, 'University', 27, 'Texas A&M University', 2, 2, 0.095),
(107, 'You open ur phone and have a notif badge on instagram, facebook, snapchat, and linkedin...which do you click first?', 4, 'University', 27, 'Texas A&M University', 3, 14, 0.667),
(108, 'You open ur phone and have a notif badge on instagram, facebook, snapchat, and linkedin...which do you click first?', 4, 'University', 27, 'Texas A&M University', 4, 0, 0.000),
(109, 'You open ur phone and have a notif badge on instagram, facebook, snapchat, and linkedin...which do you click first?', 4, 'University', 28, 'University of Arkansas', 1, 7, 0.333),
(110, 'You open ur phone and have a notif badge on instagram, facebook, snapchat, and linkedin...which do you click first?', 4, 'University', 28, 'University of Arkansas', 2, 1, 0.048),
(111, 'You open ur phone and have a notif badge on instagram, facebook, snapchat, and linkedin...which do you click first?', 4, 'University', 28, 'University of Arkansas', 3, 12, 0.571),
(112, 'You open ur phone and have a notif badge on instagram, facebook, snapchat, and linkedin...which do you click first?', 4, 'University', 28, 'University of Arkansas', 4, 1, 0.048),
(113, 'You open ur phone and have a notif badge on instagram, facebook, snapchat, and linkedin...which do you click first?', 4, 'University', 29, 'San Diego State University', 1, 14, 0.311),
(114, 'You open ur phone and have a notif badge on instagram, facebook, snapchat, and linkedin...which do you click first?', 4, 'University', 29, 'San Diego State University', 2, 3, 0.067),
(115, 'You open ur phone and have a notif badge on instagram, facebook, snapchat, and linkedin...which do you click first?', 4, 'University', 29, 'San Diego State University', 3, 27, 0.600),
(116, 'You open ur phone and have a notif badge on instagram, facebook, snapchat, and linkedin...which do you click first?', 4, 'University', 29, 'San Diego State University', 4, 1, 0.022),
(117, 'You open ur phone and have a notif badge on instagram, facebook, snapchat, and linkedin...which do you click first?', 4, 'University', 30, 'University of Colorado Boulder', 1, 0, 0.000),
(118, 'You open ur phone and have a notif badge on instagram, facebook, snapchat, and linkedin...which do you click first?', 4, 'University', 30, 'University of Colorado Boulder', 2, 0, 0.000),
(119, 'You open ur phone and have a notif badge on instagram, facebook, snapchat, and linkedin...which do you click first?', 4, 'University', 30, 'University of Colorado Boulder', 3, 1, 1.000),
(120, 'You open ur phone and have a notif badge on instagram, facebook, snapchat, and linkedin...which do you click first?', 4, 'University', 30, 'University of Colorado Boulder', 4, 0, 0.000),
(121, 'You open ur phone and have a notif badge on instagram, facebook, snapchat, and linkedin...which do you click first?', 4, 'University', 31, 'Smith College', 1, 1, 1.000),
(122, 'You open ur phone and have a notif badge on instagram, facebook, snapchat, and linkedin...which do you click first?', 4, 'University', 31, 'Smith College', 2, 0, 0.000),
(123, 'You open ur phone and have a notif badge on instagram, facebook, snapchat, and linkedin...which do you click first?', 4, 'University', 31, 'Smith College', 3, 0, 0.000),
(124, 'You open ur phone and have a notif badge on instagram, facebook, snapchat, and linkedin...which do you click first?', 4, 'University', 31, 'Smith College', 4, 0, 0.000),
(125, 'You open ur phone and have a notif badge on instagram, facebook, snapchat, and linkedin...which do you click first?', 4, 'University', 32, 'University of Notre Dame', 1, 0, 0.000),
(126, 'You open ur phone and have a notif badge on instagram, facebook, snapchat, and linkedin...which do you click first?', 4, 'University', 32, 'University of Notre Dame', 2, 1, 1.000),
(127, 'You open ur phone and have a notif badge on instagram, facebook, snapchat, and linkedin...which do you click first?', 4, 'University', 32, 'University of Notre Dame', 3, 0, 0.000),
(128, 'You open ur phone and have a notif badge on instagram, facebook, snapchat, and linkedin...which do you click first?', 4, 'University', 32, 'University of Notre Dame', 4, 0, 0.000),
(129, 'You open ur phone and have a notif badge on instagram, facebook, snapchat, and linkedin...which do you click first?', 4, 'University', 33, 'University of Nebraska Omaha', 1, 0, 0.000),
(130, 'You open ur phone and have a notif badge on instagram, facebook, snapchat, and linkedin...which do you click first?', 4, 'University', 33, 'University of Nebraska Omaha', 2, 0, 0.000),
(131, 'You open ur phone and have a notif badge on instagram, facebook, snapchat, and linkedin...which do you click first?', 4, 'University', 33, 'University of Nebraska Omaha', 3, 1, 1.000),
(132, 'You open ur phone and have a notif badge on instagram, facebook, snapchat, and linkedin...which do you click first?', 4, 'University', 33, 'University of Nebraska Omaha', 4, 0, 0.000),
(133, 'You open ur phone and have a notif badge on instagram, facebook, snapchat, and linkedin...which do you click first?', 4, 'University', 34, 'University of Delaware', 1, 0, 0.000),
(134, 'You open ur phone and have a notif badge on instagram, facebook, snapchat, and linkedin...which do you click first?', 4, 'University', 34, 'University of Delaware', 2, 0, 0.000),
(135, 'You open ur phone and have a notif badge on instagram, facebook, snapchat, and linkedin...which do you click first?', 4, 'University', 34, 'University of Delaware', 3, 1, 1.000),
(136, 'You open ur phone and have a notif badge on instagram, facebook, snapchat, and linkedin...which do you click first?', 4, 'University', 34, 'University of Delaware', 4, 0, 0.000),
(137, 'You open ur phone and have a notif badge on instagram, facebook, snapchat, and linkedin...which do you click first?', 4, 'University', 35, 'Florida Atlantic University', 1, 0, 0.000),
(138, 'You open ur phone and have a notif badge on instagram, facebook, snapchat, and linkedin...which do you click first?', 4, 'University', 35, 'Florida Atlantic University', 2, 0, 0.000),
(139, 'You open ur phone and have a notif badge on instagram, facebook, snapchat, and linkedin...which do you click first?', 4, 'University', 35, 'Florida Atlantic University', 3, 1, 1.000),
(140, 'You open ur phone and have a notif badge on instagram, facebook, snapchat, and linkedin...which do you click first?', 4, 'University', 35, 'Florida Atlantic University', 4, 0, 0.000),
(141, 'You open ur phone and have a notif badge on instagram, facebook, snapchat, and linkedin...which do you click first?', 4, 'University', 36, 'University of Wisconsin Stevens Point', 1, 1, 1.000),
(142, 'You open ur phone and have a notif badge on instagram, facebook, snapchat, and linkedin...which do you click first?', 4, 'University', 36, 'University of Wisconsin Stevens Point', 2, 0, 0.000),
(143, 'You open ur phone and have a notif badge on instagram, facebook, snapchat, and linkedin...which do you click first?', 4, 'University', 36, 'University of Wisconsin Stevens Point', 3, 0, 0.000),
(144, 'You open ur phone and have a notif badge on instagram, facebook, snapchat, and linkedin...which do you click first?', 4, 'University', 36, 'University of Wisconsin Stevens Point', 4, 0, 0.000),
(145, 'You open ur phone and have a notif badge on instagram, facebook, snapchat, and linkedin...which do you click first?', 4, 'University', 37, 'University of California Riverside', 1, 1, 1.000),
(146, 'You open ur phone and have a notif badge on instagram, facebook, snapchat, and linkedin...which do you click first?', 4, 'University', 37, 'University of California Riverside', 2, 0, 0.000),
(147, 'You open ur phone and have a notif badge on instagram, facebook, snapchat, and linkedin...which do you click first?', 4, 'University', 37, 'University of California Riverside', 3, 0, 0.000),
(148, 'You open ur phone and have a notif badge on instagram, facebook, snapchat, and linkedin...which do you click first?', 4, 'University', 37, 'University of California Riverside', 4, 0, 0.000),
(149, 'You open ur phone and have a notif badge on instagram, facebook, snapchat, and linkedin...which do you click first?', 4, 'University', 38, 'Louisiana State University', 1, 0, 0.000),
(150, 'You open ur phone and have a notif badge on instagram, facebook, snapchat, and linkedin...which do you click first?', 4, 'University', 38, 'Louisiana State University', 2, 0, 0.000),
(151, 'You open ur phone and have a notif badge on instagram, facebook, snapchat, and linkedin...which do you click first?', 4, 'University', 38, 'Louisiana State University', 3, 1, 1.000),
(152, 'You open ur phone and have a notif badge on instagram, facebook, snapchat, and linkedin...which do you click first?', 4, 'University', 38, 'Louisiana State University', 4, 0, 0.000),
(153, 'You open ur phone and have a notif badge on instagram, facebook, snapchat, and linkedin...which do you click first?', 4, 'University', 39, 'Temple University', 1, 0, 0.000),
(154, 'You open ur phone and have a notif badge on instagram, facebook, snapchat, and linkedin...which do you click first?', 4, 'University', 39, 'Temple University', 2, 0, 0.000),
(155, 'You open ur phone and have a notif badge on instagram, facebook, snapchat, and linkedin...which do you click first?', 4, 'University', 39, 'Temple University', 3, 2, 1.000),
(156, 'You open ur phone and have a notif badge on instagram, facebook, snapchat, and linkedin...which do you click first?', 4, 'University', 39, 'Temple University', 4, 0, 0.000),
(157, 'You open ur phone and have a notif badge on instagram, facebook, snapchat, and linkedin...which do you click first?', 4, 'University', 40, 'High Point University', 1, 1, 1.000),
(158, 'You open ur phone and have a notif badge on instagram, facebook, snapchat, and linkedin...which do you click first?', 4, 'University', 40, 'High Point University', 2, 0, 0.000),
(159, 'You open ur phone and have a notif badge on instagram, facebook, snapchat, and linkedin...which do you click first?', 4, 'University', 40, 'High Point University', 3, 0, 0.000),
(160, 'You open ur phone and have a notif badge on instagram, facebook, snapchat, and linkedin...which do you click first?', 4, 'University', 40, 'High Point University', 4, 0, 0.000),
(161, 'You open ur phone and have a notif badge on instagram, facebook, snapchat, and linkedin...which do you click first?', 4, 'University', 41, 'Dartmouth College', 1, 1, 1.000),
(162, 'You open ur phone and have a notif badge on instagram, facebook, snapchat, and linkedin...which do you click first?', 4, 'University', 41, 'Dartmouth College', 2, 0, 0.000),
(163, 'You open ur phone and have a notif badge on instagram, facebook, snapchat, and linkedin...which do you click first?', 4, 'University', 41, 'Dartmouth College', 3, 0, 0.000),
(164, 'You open ur phone and have a notif badge on instagram, facebook, snapchat, and linkedin...which do you click first?', 4, 'University', 41, 'Dartmouth College', 4, 0, 0.000),
(165, 'You open ur phone and have a notif badge on instagram, facebook, snapchat, and linkedin...which do you click first?', 4, 'University', 42, 'Duke University', 1, 0, 0.000),
(166, 'You open ur phone and have a notif badge on instagram, facebook, snapchat, and linkedin...which do you click first?', 4, 'University', 42, 'Duke University', 2, 0, 0.000),
(167, 'You open ur phone and have a notif badge on instagram, facebook, snapchat, and linkedin...which do you click first?', 4, 'University', 42, 'Duke University', 3, 1, 1.000),
(168, 'You open ur phone and have a notif badge on instagram, facebook, snapchat, and linkedin...which do you click first?', 4, 'University', 42, 'Duke University', 4, 0, 0.000),
(169, 'You open ur phone and have a notif badge on instagram, facebook, snapchat, and linkedin...which do you click first?', 4, 'University', 43, 'University of California Irvine', 1, 0, 0.000),
(170, 'You open ur phone and have a notif badge on instagram, facebook, snapchat, and linkedin...which do you click first?', 4, 'University', 43, 'University of California Irvine', 2, 2, 1.000),
(171, 'You open ur phone and have a notif badge on instagram, facebook, snapchat, and linkedin...which do you click first?', 4, 'University', 43, 'University of California Irvine', 3, 0, 0.000),
(172, 'You open ur phone and have a notif badge on instagram, facebook, snapchat, and linkedin...which do you click first?', 4, 'University', 43, 'University of California Irvine', 4, 0, 0.000),
(173, 'You open ur phone and have a notif badge on instagram, facebook, snapchat, and linkedin...which do you click first?', 4, 'University', 44, 'University of British Columbia', 1, 1, 1.000),
(174, 'You open ur phone and have a notif badge on instagram, facebook, snapchat, and linkedin...which do you click first?', 4, 'University', 44, 'University of British Columbia', 2, 0, 0.000),
(175, 'You open ur phone and have a notif badge on instagram, facebook, snapchat, and linkedin...which do you click first?', 4, 'University', 44, 'University of British Columbia', 3, 0, 0.000),
(176, 'You open ur phone and have a notif badge on instagram, facebook, snapchat, and linkedin...which do you click first?', 4, 'University', 44, 'University of British Columbia', 4, 0, 0.000),
(177, 'You open ur phone and have a notif badge on instagram, facebook, snapchat, and linkedin...which do you click first?', 4, 'University', 45, 'San Marin High School', 1, 0, 0.000),
(178, 'You open ur phone and have a notif badge on instagram, facebook, snapchat, and linkedin...which do you click first?', 4, 'University', 45, 'San Marin High School', 2, 0, 0.000),
(179, 'You open ur phone and have a notif badge on instagram, facebook, snapchat, and linkedin...which do you click first?', 4, 'University', 45, 'San Marin High School', 3, 1, 1.000),
(180, 'You open ur phone and have a notif badge on instagram, facebook, snapchat, and linkedin...which do you click first?', 4, 'University', 45, 'San Marin High School', 4, 0, 0.000),
(181, 'You open ur phone and have a notif badge on instagram, facebook, snapchat, and linkedin...which do you click first?', 4, 'University', 46, 'Ohio University', 1, 0, 0.000),
(182, 'You open ur phone and have a notif badge on instagram, facebook, snapchat, and linkedin...which do you click first?', 4, 'University', 46, 'Ohio University', 2, 0, 0.000),
(183, 'You open ur phone and have a notif badge on instagram, facebook, snapchat, and linkedin...which do you click first?', 4, 'University', 46, 'Ohio University', 3, 1, 1.000),
(184, 'You open ur phone and have a notif badge on instagram, facebook, snapchat, and linkedin...which do you click first?', 4, 'University', 46, 'Ohio University', 4, 0, 0.000),
(185, 'You open ur phone and have a notif badge on instagram, facebook, snapchat, and linkedin...which do you click first?', 4, 'University', 47, 'Wilfred Laurier University', 1, 1, 1.000),
(186, 'You open ur phone and have a notif badge on instagram, facebook, snapchat, and linkedin...which do you click first?', 4, 'University', 47, 'Wilfred Laurier University', 2, 0, 0.000),
(187, 'You open ur phone and have a notif badge on instagram, facebook, snapchat, and linkedin...which do you click first?', 4, 'University', 47, 'Wilfred Laurier University', 3, 0, 0.000),
(188, 'You open ur phone and have a notif badge on instagram, facebook, snapchat, and linkedin...which do you click first?', 4, 'University', 47, 'Wilfred Laurier University', 4, 0, 0.000),
(189, 'You open ur phone and have a notif badge on instagram, facebook, snapchat, and linkedin...which do you click first?', 4, 'University', 48, 'UMass Amherst', 1, 0, 0.000),
(190, 'You open ur phone and have a notif badge on instagram, facebook, snapchat, and linkedin...which do you click first?', 4, 'University', 48, 'UMass Amherst', 2, 0, 0.000),
(191, 'You open ur phone and have a notif badge on instagram, facebook, snapchat, and linkedin...which do you click first?', 4, 'University', 48, 'UMass Amherst', 3, 2, 1.000),
(192, 'You open ur phone and have a notif badge on instagram, facebook, snapchat, and linkedin...which do you click first?', 4, 'University', 48, 'UMass Amherst', 4, 0, 0.000),
(193, 'You open ur phone and have a notif badge on instagram, facebook, snapchat, and linkedin...which do you click first?', 4, 'University', 49, 'University of Southern California', 1, 0, 0.000),
(194, 'You open ur phone and have a notif badge on instagram, facebook, snapchat, and linkedin...which do you click first?', 4, 'University', 49, 'University of Southern California', 2, 0, 0.000),
(195, 'You open ur phone and have a notif badge on instagram, facebook, snapchat, and linkedin...which do you click first?', 4, 'University', 49, 'University of Southern California', 3, 0, 0.000),
(196, 'You open ur phone and have a notif badge on instagram, facebook, snapchat, and linkedin...which do you click first?', 4, 'University', 49, 'University of Southern California', 4, 1, 1.000),
(197, 'You open ur phone and have a notif badge on instagram, facebook, snapchat, and linkedin...which do you click first?', 4, 'University', 50, 'University of California, Los Angeles', 1, 1, 0.333),
(198, 'You open ur phone and have a notif badge on instagram, facebook, snapchat, and linkedin...which do you click first?', 4, 'University', 50, 'University of California, Los Angeles', 2, 0, 0.000),
(199, 'You open ur phone and have a notif badge on instagram, facebook, snapchat, and linkedin...which do you click first?', 4, 'University', 50, 'University of California, Los Angeles', 3, 2, 0.667),
(200, 'You open ur phone and have a notif badge on instagram, facebook, snapchat, and linkedin...which do you click first?', 4, 'University', 50, 'University of California, Los Angeles', 4, 0, 0.000),
(201, 'You open ur phone and have a notif badge on instagram, facebook, snapchat, and linkedin...which do you click first?', 4, 'University', 51, 'Iowa State University', 1, 1, 1.000),
(202, 'You open ur phone and have a notif badge on instagram, facebook, snapchat, and linkedin...which do you click first?', 4, 'University', 51, 'Iowa State University', 2, 0, 0.000),
(203, 'You open ur phone and have a notif badge on instagram, facebook, snapchat, and linkedin...which do you click first?', 4, 'University', 51, 'Iowa State University', 3, 0, 0.000),
(204, 'You open ur phone and have a notif badge on instagram, facebook, snapchat, and linkedin...which do you click first?', 4, 'University', 51, 'Iowa State University', 4, 0, 0.000),
(205, 'You open ur phone and have a notif badge on instagram, facebook, snapchat, and linkedin...which do you click first?', 4, 'University', 52, 'University of California, Davis', 1, 0, 0.000),
(206, 'You open ur phone and have a notif badge on instagram, facebook, snapchat, and linkedin...which do you click first?', 4, 'University', 52, 'University of California, Davis', 2, 2, 1.000),
(207, 'You open ur phone and have a notif badge on instagram, facebook, snapchat, and linkedin...which do you click first?', 4, 'University', 52, 'University of California, Davis', 3, 0, 0.000),
(208, 'You open ur phone and have a notif badge on instagram, facebook, snapchat, and linkedin...which do you click first?', 4, 'University', 52, 'University of California, Davis', 4, 0, 0.000),
(209, 'You open ur phone and have a notif badge on instagram, facebook, snapchat, and linkedin...which do you click first?', 4, 'University', 53, 'Missouri State University', 1, 0, 0.000),
(210, 'You open ur phone and have a notif badge on instagram, facebook, snapchat, and linkedin...which do you click first?', 4, 'University', 53, 'Missouri State University', 2, 0, 0.000),
(211, 'You open ur phone and have a notif badge on instagram, facebook, snapchat, and linkedin...which do you click first?', 4, 'University', 53, 'Missouri State University', 3, 1, 1.000),
(212, 'You open ur phone and have a notif badge on instagram, facebook, snapchat, and linkedin...which do you click first?', 4, 'University', 53, 'Missouri State University', 4, 0, 0.000),
(213, 'You open ur phone and have a notif badge on instagram, facebook, snapchat, and linkedin...which do you click first?', 4, 'University', 54, 'Rice University', 1, 0, 0.000),
(214, 'You open ur phone and have a notif badge on instagram, facebook, snapchat, and linkedin...which do you click first?', 4, 'University', 54, 'Rice University', 2, 0, 0.000),
(215, 'You open ur phone and have a notif badge on instagram, facebook, snapchat, and linkedin...which do you click first?', 4, 'University', 54, 'Rice University', 3, 1, 1.000),
(216, 'You open ur phone and have a notif badge on instagram, facebook, snapchat, and linkedin...which do you click first?', 4, 'University', 54, 'Rice University', 4, 0, 0.000),
(217, 'You open ur phone and have a notif badge on instagram, facebook, snapchat, and linkedin...which do you click first?', 4, 'University', 55, 'University of Tennessee', 1, 1, 1.000),
(218, 'You open ur phone and have a notif badge on instagram, facebook, snapchat, and linkedin...which do you click first?', 4, 'University', 55, 'University of Tennessee', 2, 0, 0.000),
(219, 'You open ur phone and have a notif badge on instagram, facebook, snapchat, and linkedin...which do you click first?', 4, 'University', 55, 'University of Tennessee', 3, 0, 0.000),
(220, 'You open ur phone and have a notif badge on instagram, facebook, snapchat, and linkedin...which do you click first?', 4, 'University', 55, 'University of Tennessee', 4, 0, 0.000),
(221, 'You open ur phone and have a notif badge on instagram, facebook, snapchat, and linkedin...which do you click first?', 4, 'University', 56, 'Claremont McKenna College', 1, 0, 0.000),
(222, 'You open ur phone and have a notif badge on instagram, facebook, snapchat, and linkedin...which do you click first?', 4, 'University', 56, 'Claremont McKenna College', 2, 1, 1.000),
(223, 'You open ur phone and have a notif badge on instagram, facebook, snapchat, and linkedin...which do you click first?', 4, 'University', 56, 'Claremont McKenna College', 3, 0, 0.000),
(224, 'You open ur phone and have a notif badge on instagram, facebook, snapchat, and linkedin...which do you click first?', 4, 'University', 56, 'Claremont McKenna College', 4, 0, 0.000),
(225, 'You open ur phone and have a notif badge on instagram, facebook, snapchat, and linkedin...which do you click first?', 4, 'University', 57, 'University of Oregon', 1, 0, 0.000),
(226, 'You open ur phone and have a notif badge on instagram, facebook, snapchat, and linkedin...which do you click first?', 4, 'University', 57, 'University of Oregon', 2, 0, 0.000),
(227, 'You open ur phone and have a notif badge on instagram, facebook, snapchat, and linkedin...which do you click first?', 4, 'University', 57, 'University of Oregon', 3, 1, 1.000),
(228, 'You open ur phone and have a notif badge on instagram, facebook, snapchat, and linkedin...which do you click first?', 4, 'University', 57, 'University of Oregon', 4, 0, 0.000),
(229, 'You open ur phone and have a notif badge on instagram, facebook, snapchat, and linkedin...which do you click first?', 4, 'University', 58, 'Chaparral High School', 1, 1, 0.500),
(230, 'You open ur phone and have a notif badge on instagram, facebook, snapchat, and linkedin...which do you click first?', 4, 'University', 58, 'Chaparral High School', 2, 0, 0.000),
(231, 'You open ur phone and have a notif badge on instagram, facebook, snapchat, and linkedin...which do you click first?', 4, 'University', 58, 'Chaparral High School', 3, 1, 0.500),
(232, 'You open ur phone and have a notif badge on instagram, facebook, snapchat, and linkedin...which do you click first?', 4, 'University', 58, 'Chaparral High School', 4, 0, 0.000),
(233, 'You open ur phone and have a notif badge on instagram, facebook, snapchat, and linkedin...which do you click first?', 4, 'University', 59, 'Syracuse University', 1, 1, 1.000),
(234, 'You open ur phone and have a notif badge on instagram, facebook, snapchat, and linkedin...which do you click first?', 4, 'University', 59, 'Syracuse University', 2, 0, 0.000),
(235, 'You open ur phone and have a notif badge on instagram, facebook, snapchat, and linkedin...which do you click first?', 4, 'University', 59, 'Syracuse University', 3, 0, 0.000),
(236, 'You open ur phone and have a notif badge on instagram, facebook, snapchat, and linkedin...which do you click first?', 4, 'University', 59, 'Syracuse University', 4, 0, 0.000),
(237, 'You open ur phone and have a notif badge on instagram, facebook, snapchat, and linkedin...which do you click first?', 4, 'University', 60, 'University of Waterloo', 1, 0, 0.000),
(238, 'You open ur phone and have a notif badge on instagram, facebook, snapchat, and linkedin...which do you click first?', 4, 'University', 60, 'University of Waterloo', 2, 0, 0.000),
(239, 'You open ur phone and have a notif badge on instagram, facebook, snapchat, and linkedin...which do you click first?', 4, 'University', 60, 'University of Waterloo', 3, 1, 1.000),
(240, 'You open ur phone and have a notif badge on instagram, facebook, snapchat, and linkedin...which do you click first?', 4, 'University', 60, 'University of Waterloo', 4, 0, 0.000),
(241, 'You open ur phone and have a notif badge on instagram, facebook, snapchat, and linkedin...which do you click first?', 4, 'University', 61, 'Mountain Vista High School', 1, 1, 1.000),
(242, 'You open ur phone and have a notif badge on instagram, facebook, snapchat, and linkedin...which do you click first?', 4, 'University', 61, 'Mountain Vista High School', 2, 0, 0.000),
(243, 'You open ur phone and have a notif badge on instagram, facebook, snapchat, and linkedin...which do you click first?', 4, 'University', 61, 'Mountain Vista High School', 3, 0, 0.000),
(244, 'You open ur phone and have a notif badge on instagram, facebook, snapchat, and linkedin...which do you click first?', 4, 'University', 61, 'Mountain Vista High School', 4, 0, 0.000),
(245, 'You open ur phone and have a notif badge on instagram, facebook, snapchat, and linkedin...which do you click first?', 4, 'University', 62, 'Texas State University', 1, 1, 1.000),
(246, 'You open ur phone and have a notif badge on instagram, facebook, snapchat, and linkedin...which do you click first?', 4, 'University', 62, 'Texas State University', 2, 0, 0.000),
(247, 'You open ur phone and have a notif badge on instagram, facebook, snapchat, and linkedin...which do you click first?', 4, 'University', 62, 'Texas State University', 3, 0, 0.000),
(248, 'You open ur phone and have a notif badge on instagram, facebook, snapchat, and linkedin...which do you click first?', 4, 'University', 62, 'Texas State University', 4, 0, 0.000),
(249, 'You open ur phone and have a notif badge on instagram, facebook, snapchat, and linkedin...which do you click first?', 4, 'University', 63, 'Southern Illinois University Carbondale', 1, 0, 0.000),
(250, 'You open ur phone and have a notif badge on instagram, facebook, snapchat, and linkedin...which do you click first?', 4, 'University', 63, 'Southern Illinois University Carbondale', 2, 0, 0.000),
(251, 'You open ur phone and have a notif badge on instagram, facebook, snapchat, and linkedin...which do you click first?', 4, 'University', 63, 'Southern Illinois University Carbondale', 3, 1, 1.000),
(252, 'You open ur phone and have a notif badge on instagram, facebook, snapchat, and linkedin...which do you click first?', 4, 'University', 63, 'Southern Illinois University Carbondale', 4, 0, 0.000),
(253, 'You open ur phone and have a notif badge on instagram, facebook, snapchat, and linkedin...which do you click first?', 4, 'University', 64, 'George Washington University', 1, 0, 0.000),
(254, 'You open ur phone and have a notif badge on instagram, facebook, snapchat, and linkedin...which do you click first?', 4, 'University', 64, 'George Washington University', 2, 1, 1.000),
(255, 'You open ur phone and have a notif badge on instagram, facebook, snapchat, and linkedin...which do you click first?', 4, 'University', 64, 'George Washington University', 3, 0, 0.000),
(256, 'You open ur phone and have a notif badge on instagram, facebook, snapchat, and linkedin...which do you click first?', 4, 'University', 64, 'George Washington University', 4, 0, 0.000),
(257, 'You open ur phone and have a notif badge on instagram, facebook, snapchat, and linkedin...which do you click first?', 4, 'University', 65, 'University of Louisville', 1, 0, 0.000),
(258, 'You open ur phone and have a notif badge on instagram, facebook, snapchat, and linkedin...which do you click first?', 4, 'University', 65, 'University of Louisville', 2, 0, 0.000),
(259, 'You open ur phone and have a notif badge on instagram, facebook, snapchat, and linkedin...which do you click first?', 4, 'University', 65, 'University of Louisville', 3, 1, 1.000),
(260, 'You open ur phone and have a notif badge on instagram, facebook, snapchat, and linkedin...which do you click first?', 4, 'University', 65, 'University of Louisville', 4, 0, 0.000),
(261, 'You open ur phone and have a notif badge on instagram, facebook, snapchat, and linkedin...which do you click first?', 4, 'University', 66, 'Southern Methodist University', 1, 0, 0.000),
(262, 'You open ur phone and have a notif badge on instagram, facebook, snapchat, and linkedin...which do you click first?', 4, 'University', 66, 'Southern Methodist University', 2, 0, 0.000),
(263, 'You open ur phone and have a notif badge on instagram, facebook, snapchat, and linkedin...which do you click first?', 4, 'University', 66, 'Southern Methodist University', 3, 1, 1.000),
(264, 'You open ur phone and have a notif badge on instagram, facebook, snapchat, and linkedin...which do you click first?', 4, 'University', 66, 'Southern Methodist University', 4, 0, 0.000),
(265, 'You open ur phone and have a notif badge on instagram, facebook, snapchat, and linkedin...which do you click first?', 4, 'University', 67, 'University of Minnesota', 1, 0, 0.000),
(266, 'You open ur phone and have a notif badge on instagram, facebook, snapchat, and linkedin...which do you click first?', 4, 'University', 67, 'University of Minnesota', 2, 1, 0.500),
(267, 'You open ur phone and have a notif badge on instagram, facebook, snapchat, and linkedin...which do you click first?', 4, 'University', 67, 'University of Minnesota', 3, 1, 0.500),
(268, 'You open ur phone and have a notif badge on instagram, facebook, snapchat, and linkedin...which do you click first?', 4, 'University', 67, 'University of Minnesota', 4, 0, 0.000),
(269, 'You open ur phone and have a notif badge on instagram, facebook, snapchat, and linkedin...which do you click first?', 4, 'University', 68, 'York University', 1, 0, 0.000);
INSERT INTO `main` (`id`, `question`, `segment_id`, `segment`, `description_id`, `description`, `platform_id`, `votes`, `percentage`) VALUES
(270, 'You open ur phone and have a notif badge on instagram, facebook, snapchat, and linkedin...which do you click first?', 4, 'University', 68, 'York University', 2, 1, 1.000),
(271, 'You open ur phone and have a notif badge on instagram, facebook, snapchat, and linkedin...which do you click first?', 4, 'University', 68, 'York University', 3, 0, 0.000),
(272, 'You open ur phone and have a notif badge on instagram, facebook, snapchat, and linkedin...which do you click first?', 4, 'University', 68, 'York University', 4, 0, 0.000),
(273, 'You open ur phone and have a notif badge on instagram, facebook, snapchat, and linkedin...which do you click first?', 4, 'University', 69, 'Santa Clara University', 1, 0, 0.000),
(274, 'You open ur phone and have a notif badge on instagram, facebook, snapchat, and linkedin...which do you click first?', 4, 'University', 69, 'Santa Clara University', 2, 0, 0.000),
(275, 'You open ur phone and have a notif badge on instagram, facebook, snapchat, and linkedin...which do you click first?', 4, 'University', 69, 'Santa Clara University', 3, 0, 0.000),
(276, 'You open ur phone and have a notif badge on instagram, facebook, snapchat, and linkedin...which do you click first?', 4, 'University', 69, 'Santa Clara University', 4, 1, 1.000),
(277, 'You open ur phone and have a notif badge on instagram, facebook, snapchat, and linkedin...which do you click first?', 4, 'University', 70, 'Indiana University', 1, 19, 0.388),
(278, 'You open ur phone and have a notif badge on instagram, facebook, snapchat, and linkedin...which do you click first?', 4, 'University', 70, 'Indiana University', 2, 4, 0.082),
(279, 'You open ur phone and have a notif badge on instagram, facebook, snapchat, and linkedin...which do you click first?', 4, 'University', 70, 'Indiana University', 3, 24, 0.490),
(280, 'You open ur phone and have a notif badge on instagram, facebook, snapchat, and linkedin...which do you click first?', 4, 'University', 70, 'Indiana University', 4, 2, 0.041),
(281, 'You open ur phone and have a notif badge on instagram, facebook, snapchat, and linkedin...which do you click first?', 4, 'University', 71, 'University of California, Berkeley', 1, 10, 0.172),
(282, 'You open ur phone and have a notif badge on instagram, facebook, snapchat, and linkedin...which do you click first?', 4, 'University', 71, 'University of California, Berkeley', 2, 14, 0.241),
(283, 'You open ur phone and have a notif badge on instagram, facebook, snapchat, and linkedin...which do you click first?', 4, 'University', 71, 'University of California, Berkeley', 3, 32, 0.552),
(284, 'You open ur phone and have a notif badge on instagram, facebook, snapchat, and linkedin...which do you click first?', 4, 'University', 71, 'University of California, Berkeley', 4, 2, 0.034),
(285, 'You open ur phone and have a notif badge on instagram, facebook, snapchat, and linkedin...which do you click first?', 4, 'University', 72, 'College of William and Mary', 1, 8, 0.205),
(286, 'You open ur phone and have a notif badge on instagram, facebook, snapchat, and linkedin...which do you click first?', 4, 'University', 72, 'College of William and Mary', 2, 12, 0.308),
(287, 'You open ur phone and have a notif badge on instagram, facebook, snapchat, and linkedin...which do you click first?', 4, 'University', 72, 'College of William and Mary', 3, 16, 0.410),
(288, 'You open ur phone and have a notif badge on instagram, facebook, snapchat, and linkedin...which do you click first?', 4, 'University', 72, 'College of William and Mary', 4, 3, 0.077),
(289, 'You open ur phone and have a notif badge on instagram, facebook, snapchat, and linkedin...which do you click first?', 4, 'University', 73, 'University of Missouri', 1, 7, 0.189),
(290, 'You open ur phone and have a notif badge on instagram, facebook, snapchat, and linkedin...which do you click first?', 4, 'University', 73, 'University of Missouri', 2, 9, 0.243),
(291, 'You open ur phone and have a notif badge on instagram, facebook, snapchat, and linkedin...which do you click first?', 4, 'University', 73, 'University of Missouri', 3, 20, 0.541),
(292, 'You open ur phone and have a notif badge on instagram, facebook, snapchat, and linkedin...which do you click first?', 4, 'University', 73, 'University of Missouri', 4, 1, 0.027),
(293, 'You open ur phone and have a notif badge on instagram, facebook, snapchat, and linkedin...which do you click first?', 4, 'University', 74, 'Virginia Tech', 1, 8, 0.286),
(294, 'You open ur phone and have a notif badge on instagram, facebook, snapchat, and linkedin...which do you click first?', 4, 'University', 74, 'Virginia Tech', 2, 4, 0.143),
(295, 'You open ur phone and have a notif badge on instagram, facebook, snapchat, and linkedin...which do you click first?', 4, 'University', 74, 'Virginia Tech', 3, 16, 0.571),
(296, 'You open ur phone and have a notif badge on instagram, facebook, snapchat, and linkedin...which do you click first?', 4, 'University', 74, 'Virginia Tech', 4, 0, 0.000),
(297, 'You open ur phone and have a notif badge on instagram, facebook, snapchat, and linkedin...which do you click first?', 4, 'University', 75, 'Purdue University', 1, 7, 0.318),
(298, 'You open ur phone and have a notif badge on instagram, facebook, snapchat, and linkedin...which do you click first?', 4, 'University', 75, 'Purdue University', 2, 1, 0.045),
(299, 'You open ur phone and have a notif badge on instagram, facebook, snapchat, and linkedin...which do you click first?', 4, 'University', 75, 'Purdue University', 3, 13, 0.591),
(300, 'You open ur phone and have a notif badge on instagram, facebook, snapchat, and linkedin...which do you click first?', 4, 'University', 75, 'Purdue University', 4, 1, 0.045),
(301, 'You open ur phone and have a notif badge on instagram, facebook, snapchat, and linkedin...which do you click first?', 4, 'University', 76, 'Appalachian State University', 1, 7, 0.175),
(302, 'You open ur phone and have a notif badge on instagram, facebook, snapchat, and linkedin...which do you click first?', 4, 'University', 76, 'Appalachian State University', 2, 5, 0.125),
(303, 'You open ur phone and have a notif badge on instagram, facebook, snapchat, and linkedin...which do you click first?', 4, 'University', 76, 'Appalachian State University', 3, 27, 0.675),
(304, 'You open ur phone and have a notif badge on instagram, facebook, snapchat, and linkedin...which do you click first?', 4, 'University', 76, 'Appalachian State University', 4, 1, 0.025),
(305, 'You open ur phone and have a notif badge on instagram, facebook, snapchat, and linkedin...which do you click first?', 4, 'University', 77, 'Emory University', 1, 8, 0.276),
(306, 'You open ur phone and have a notif badge on instagram, facebook, snapchat, and linkedin...which do you click first?', 4, 'University', 77, 'Emory University', 2, 8, 0.276),
(307, 'You open ur phone and have a notif badge on instagram, facebook, snapchat, and linkedin...which do you click first?', 4, 'University', 77, 'Emory University', 3, 12, 0.414),
(308, 'You open ur phone and have a notif badge on instagram, facebook, snapchat, and linkedin...which do you click first?', 4, 'University', 77, 'Emory University', 4, 1, 0.034),
(309, 'You open ur phone and have a notif badge on instagram, facebook, snapchat, and linkedin...which do you click first?', 4, 'University', 78, 'University of Arizona', 1, 9, 0.290),
(310, 'You open ur phone and have a notif badge on instagram, facebook, snapchat, and linkedin...which do you click first?', 4, 'University', 78, 'University of Arizona', 2, 4, 0.129),
(311, 'You open ur phone and have a notif badge on instagram, facebook, snapchat, and linkedin...which do you click first?', 4, 'University', 78, 'University of Arizona', 3, 18, 0.581),
(312, 'You open ur phone and have a notif badge on instagram, facebook, snapchat, and linkedin...which do you click first?', 4, 'University', 78, 'University of Arizona', 4, 0, 0.000),
(313, 'You open ur phone and have a notif badge on instagram, facebook, snapchat, and linkedin...which do you click first?', 4, 'University', 79, 'Truman State University', 1, 9, 0.300),
(314, 'You open ur phone and have a notif badge on instagram, facebook, snapchat, and linkedin...which do you click first?', 4, 'University', 79, 'Truman State University', 2, 9, 0.300),
(315, 'You open ur phone and have a notif badge on instagram, facebook, snapchat, and linkedin...which do you click first?', 4, 'University', 79, 'Truman State University', 3, 11, 0.367),
(316, 'You open ur phone and have a notif badge on instagram, facebook, snapchat, and linkedin...which do you click first?', 4, 'University', 79, 'Truman State University', 4, 1, 0.033),
(317, 'You open ur phone and have a notif badge on instagram, facebook, snapchat, and linkedin...which do you click first?', 4, 'University', 80, 'University of Wisconsin-Madison', 1, 21, 0.328),
(318, 'You open ur phone and have a notif badge on instagram, facebook, snapchat, and linkedin...which do you click first?', 4, 'University', 80, 'University of Wisconsin-Madison', 2, 11, 0.172),
(319, 'You open ur phone and have a notif badge on instagram, facebook, snapchat, and linkedin...which do you click first?', 4, 'University', 80, 'University of Wisconsin-Madison', 3, 28, 0.438),
(320, 'You open ur phone and have a notif badge on instagram, facebook, snapchat, and linkedin...which do you click first?', 4, 'University', 80, 'University of Wisconsin-Madison', 4, 4, 0.063),
(321, 'You open ur phone and have a notif badge on instagram, facebook, snapchat, and linkedin...which do you click first?', 4, 'University', 81, 'Ohio State University', 1, 8, 0.348),
(322, 'You open ur phone and have a notif badge on instagram, facebook, snapchat, and linkedin...which do you click first?', 4, 'University', 81, 'Ohio State University', 2, 2, 0.087),
(323, 'You open ur phone and have a notif badge on instagram, facebook, snapchat, and linkedin...which do you click first?', 4, 'University', 81, 'Ohio State University', 3, 12, 0.522),
(324, 'You open ur phone and have a notif badge on instagram, facebook, snapchat, and linkedin...which do you click first?', 4, 'University', 81, 'Ohio State University', 4, 1, 0.043),
(325, 'You open ur phone and have a notif badge on instagram, facebook, snapchat, and linkedin...which do you click first?', 5, 'Custom', 82, 'your parents make? $90K-$240k', 1, 69, 0.217),
(326, 'You open ur phone and have a notif badge on instagram, facebook, snapchat, and linkedin...which do you click first?', 5, 'Custom', 82, 'your parents make? $90K-$240k', 2, 59, 0.186),
(327, 'You open ur phone and have a notif badge on instagram, facebook, snapchat, and linkedin...which do you click first?', 5, 'Custom', 82, 'your parents make? $90K-$240k', 3, 177, 0.557),
(328, 'You open ur phone and have a notif badge on instagram, facebook, snapchat, and linkedin...which do you click first?', 5, 'Custom', 82, 'your parents make? $90K-$240k', 4, 13, 0.041),
(329, 'You open ur phone and have a notif badge on instagram, facebook, snapchat, and linkedin...which do you click first?', 5, 'Custom', 83, 'student loan debt? No', 1, 355, 0.278),
(330, 'You open ur phone and have a notif badge on instagram, facebook, snapchat, and linkedin...which do you click first?', 5, 'Custom', 83, 'student loan debt? No', 2, 189, 0.148),
(331, 'You open ur phone and have a notif badge on instagram, facebook, snapchat, and linkedin...which do you click first?', 5, 'Custom', 83, 'student loan debt? No', 3, 685, 0.537),
(332, 'You open ur phone and have a notif badge on instagram, facebook, snapchat, and linkedin...which do you click first?', 5, 'Custom', 83, 'student loan debt? No', 4, 46, 0.036),
(333, 'You open ur phone and have a notif badge on instagram, facebook, snapchat, and linkedin...which do you click first?', 5, 'Custom', 84, 'student loan debt? Yes', 1, 145, 0.238),
(334, 'You open ur phone and have a notif badge on instagram, facebook, snapchat, and linkedin...which do you click first?', 5, 'Custom', 84, 'student loan debt? Yes', 2, 108, 0.177),
(335, 'You open ur phone and have a notif badge on instagram, facebook, snapchat, and linkedin...which do you click first?', 5, 'Custom', 84, 'student loan debt? Yes', 3, 334, 0.548),
(336, 'You open ur phone and have a notif badge on instagram, facebook, snapchat, and linkedin...which do you click first?', 5, 'Custom', 84, 'student loan debt? Yes', 4, 22, 0.036),
(337, 'You open ur phone and have a notif badge on instagram, facebook, snapchat, and linkedin...which do you click first?', 5, 'Custom', 85, 'you vote for? Didn\'t vote', 1, 66, 0.324),
(338, 'You open ur phone and have a notif badge on instagram, facebook, snapchat, and linkedin...which do you click first?', 5, 'Custom', 85, 'you vote for? Didn\'t vote', 2, 31, 0.152),
(339, 'You open ur phone and have a notif badge on instagram, facebook, snapchat, and linkedin...which do you click first?', 5, 'Custom', 85, 'you vote for? Didn\'t vote', 3, 100, 0.490),
(340, 'You open ur phone and have a notif badge on instagram, facebook, snapchat, and linkedin...which do you click first?', 5, 'Custom', 85, 'you vote for? Didn\'t vote', 4, 7, 0.034),
(341, 'You open ur phone and have a notif badge on instagram, facebook, snapchat, and linkedin...which do you click first?', 5, 'Custom', 86, 'your parents make?  < $50K', 1, 40, 0.245),
(342, 'You open ur phone and have a notif badge on instagram, facebook, snapchat, and linkedin...which do you click first?', 5, 'Custom', 86, 'your parents make?  < $50K', 2, 17, 0.104),
(343, 'You open ur phone and have a notif badge on instagram, facebook, snapchat, and linkedin...which do you click first?', 5, 'Custom', 86, 'your parents make?  < $50K', 3, 101, 0.620),
(344, 'You open ur phone and have a notif badge on instagram, facebook, snapchat, and linkedin...which do you click first?', 5, 'Custom', 86, 'your parents make?  < $50K', 4, 5, 0.031),
(345, 'You open ur phone and have a notif badge on instagram, facebook, snapchat, and linkedin...which do you click first?', 5, 'Custom', 87, 'you vote for? Writing in Bernie', 1, 27, 0.260),
(346, 'You open ur phone and have a notif badge on instagram, facebook, snapchat, and linkedin...which do you click first?', 5, 'Custom', 87, 'you vote for? Writing in Bernie', 2, 20, 0.192),
(347, 'You open ur phone and have a notif badge on instagram, facebook, snapchat, and linkedin...which do you click first?', 5, 'Custom', 87, 'you vote for? Writing in Bernie', 3, 54, 0.519),
(348, 'You open ur phone and have a notif badge on instagram, facebook, snapchat, and linkedin...which do you click first?', 5, 'Custom', 87, 'you vote for? Writing in Bernie', 4, 3, 0.029),
(349, 'You open ur phone and have a notif badge on instagram, facebook, snapchat, and linkedin...which do you click first?', 5, 'Custom', 88, 'you vote for? Hillary Clinton', 1, 135, 0.236),
(350, 'You open ur phone and have a notif badge on instagram, facebook, snapchat, and linkedin...which do you click first?', 5, 'Custom', 88, 'you vote for? Hillary Clinton', 2, 121, 0.212),
(351, 'You open ur phone and have a notif badge on instagram, facebook, snapchat, and linkedin...which do you click first?', 5, 'Custom', 88, 'you vote for? Hillary Clinton', 3, 297, 0.519),
(352, 'You open ur phone and have a notif badge on instagram, facebook, snapchat, and linkedin...which do you click first?', 5, 'Custom', 88, 'you vote for? Hillary Clinton', 4, 19, 0.033),
(353, 'You open ur phone and have a notif badge on instagram, facebook, snapchat, and linkedin...which do you click first?', 5, 'Custom', 89, 'Graduation Year 2019', 1, 103, 0.312),
(354, 'You open ur phone and have a notif badge on instagram, facebook, snapchat, and linkedin...which do you click first?', 5, 'Custom', 89, 'Graduation Year 2019', 2, 55, 0.167),
(355, 'You open ur phone and have a notif badge on instagram, facebook, snapchat, and linkedin...which do you click first?', 5, 'Custom', 89, 'Graduation Year 2019', 3, 163, 0.494),
(356, 'You open ur phone and have a notif badge on instagram, facebook, snapchat, and linkedin...which do you click first?', 5, 'Custom', 89, 'Graduation Year 2019', 4, 9, 0.027),
(357, 'You open ur phone and have a notif badge on instagram, facebook, snapchat, and linkedin...which do you click first?', 5, 'Custom', 90, 'closely identify as? White', 1, 237, 0.270),
(358, 'You open ur phone and have a notif badge on instagram, facebook, snapchat, and linkedin...which do you click first?', 5, 'Custom', 90, 'closely identify as? White', 2, 154, 0.176),
(359, 'You open ur phone and have a notif badge on instagram, facebook, snapchat, and linkedin...which do you click first?', 5, 'Custom', 90, 'closely identify as? White', 3, 450, 0.513),
(360, 'You open ur phone and have a notif badge on instagram, facebook, snapchat, and linkedin...which do you click first?', 5, 'Custom', 90, 'closely identify as? White', 4, 36, 0.041),
(361, 'You open ur phone and have a notif badge on instagram, facebook, snapchat, and linkedin...which do you click first?', 5, 'Custom', 91, 'Mac or PC? Mac ðŸ–¥', 1, 171, 0.268),
(362, 'You open ur phone and have a notif badge on instagram, facebook, snapchat, and linkedin...which do you click first?', 5, 'Custom', 91, 'Mac or PC? Mac ðŸ–¥', 2, 117, 0.183),
(363, 'You open ur phone and have a notif badge on instagram, facebook, snapchat, and linkedin...which do you click first?', 5, 'Custom', 91, 'Mac or PC? Mac ðŸ–¥', 3, 330, 0.516),
(364, 'You open ur phone and have a notif badge on instagram, facebook, snapchat, and linkedin...which do you click first?', 5, 'Custom', 91, 'Mac or PC? Mac ðŸ–¥', 4, 21, 0.033),
(365, 'You open ur phone and have a notif badge on instagram, facebook, snapchat, and linkedin...which do you click first?', 5, 'Custom', 92, 'I\'m in? Post-grad', 1, 97, 0.274),
(366, 'You open ur phone and have a notif badge on instagram, facebook, snapchat, and linkedin...which do you click first?', 5, 'Custom', 92, 'I\'m in? Post-grad', 2, 74, 0.209),
(367, 'You open ur phone and have a notif badge on instagram, facebook, snapchat, and linkedin...which do you click first?', 5, 'Custom', 92, 'I\'m in? Post-grad', 3, 170, 0.480),
(368, 'You open ur phone and have a notif badge on instagram, facebook, snapchat, and linkedin...which do you click first?', 5, 'Custom', 92, 'I\'m in? Post-grad', 4, 13, 0.037),
(369, 'You open ur phone and have a notif badge on instagram, facebook, snapchat, and linkedin...which do you click first?', 5, 'Custom', 93, 'Mac or PC? PC ðŸ’»', 1, 93, 0.252),
(370, 'You open ur phone and have a notif badge on instagram, facebook, snapchat, and linkedin...which do you click first?', 5, 'Custom', 93, 'Mac or PC? PC ðŸ’»', 2, 60, 0.163),
(371, 'You open ur phone and have a notif badge on instagram, facebook, snapchat, and linkedin...which do you click first?', 5, 'Custom', 93, 'Mac or PC? PC ðŸ’»', 3, 200, 0.542),
(372, 'You open ur phone and have a notif badge on instagram, facebook, snapchat, and linkedin...which do you click first?', 5, 'Custom', 93, 'Mac or PC? PC ðŸ’»', 4, 16, 0.043),
(373, 'You open ur phone and have a notif badge on instagram, facebook, snapchat, and linkedin...which do you click first?', 5, 'Custom', 94, 'Graduation Year 2018', 1, 39, 0.214),
(374, 'You open ur phone and have a notif badge on instagram, facebook, snapchat, and linkedin...which do you click first?', 5, 'Custom', 94, 'Graduation Year 2018', 2, 48, 0.264),
(375, 'You open ur phone and have a notif badge on instagram, facebook, snapchat, and linkedin...which do you click first?', 5, 'Custom', 94, 'Graduation Year 2018', 3, 86, 0.473),
(376, 'You open ur phone and have a notif badge on instagram, facebook, snapchat, and linkedin...which do you click first?', 5, 'Custom', 94, 'Graduation Year 2018', 4, 9, 0.049),
(377, 'You open ur phone and have a notif badge on instagram, facebook, snapchat, and linkedin...which do you click first?', 5, 'Custom', 95, 'your parents make? > $240K', 1, 56, 0.289),
(378, 'You open ur phone and have a notif badge on instagram, facebook, snapchat, and linkedin...which do you click first?', 5, 'Custom', 95, 'your parents make? > $240K', 2, 36, 0.186),
(379, 'You open ur phone and have a notif badge on instagram, facebook, snapchat, and linkedin...which do you click first?', 5, 'Custom', 95, 'your parents make? > $240K', 3, 93, 0.479),
(380, 'You open ur phone and have a notif badge on instagram, facebook, snapchat, and linkedin...which do you click first?', 5, 'Custom', 95, 'your parents make? > $240K', 4, 9, 0.046),
(381, 'You open ur phone and have a notif badge on instagram, facebook, snapchat, and linkedin...which do you click first?', 5, 'Custom', 96, 'is your age? 35 or older', 1, 1, 0.500),
(382, 'You open ur phone and have a notif badge on instagram, facebook, snapchat, and linkedin...which do you click first?', 5, 'Custom', 96, 'is your age? 35 or older', 2, 1, 0.500),
(383, 'You open ur phone and have a notif badge on instagram, facebook, snapchat, and linkedin...which do you click first?', 5, 'Custom', 96, 'is your age? 35 or older', 3, 0, 0.000),
(384, 'You open ur phone and have a notif badge on instagram, facebook, snapchat, and linkedin...which do you click first?', 5, 'Custom', 96, 'is your age? 35 or older', 4, 0, 0.000),
(385, 'You open ur phone and have a notif badge on instagram, facebook, snapchat, and linkedin...which do you click first?', 5, 'Custom', 97, 'is your age? 31-34', 1, 0, 0.000),
(386, 'You open ur phone and have a notif badge on instagram, facebook, snapchat, and linkedin...which do you click first?', 5, 'Custom', 97, 'is your age? 31-34', 2, 0, 0.000),
(387, 'You open ur phone and have a notif badge on instagram, facebook, snapchat, and linkedin...which do you click first?', 5, 'Custom', 97, 'is your age? 31-34', 3, 1, 1.000),
(388, 'You open ur phone and have a notif badge on instagram, facebook, snapchat, and linkedin...which do you click first?', 5, 'Custom', 97, 'is your age? 31-34', 4, 0, 0.000),
(389, 'You open ur phone and have a notif badge on instagram, facebook, snapchat, and linkedin...which do you click first?', 5, 'Custom', 98, 'What\'s your leaning? In-between', 1, 125, 0.281),
(390, 'You open ur phone and have a notif badge on instagram, facebook, snapchat, and linkedin...which do you click first?', 5, 'Custom', 98, 'What\'s your leaning? In-between', 2, 54, 0.121),
(391, 'You open ur phone and have a notif badge on instagram, facebook, snapchat, and linkedin...which do you click first?', 5, 'Custom', 98, 'What\'s your leaning? In-between', 3, 253, 0.569),
(392, 'You open ur phone and have a notif badge on instagram, facebook, snapchat, and linkedin...which do you click first?', 5, 'Custom', 98, 'What\'s your leaning? In-between', 4, 13, 0.029),
(393, 'You open ur phone and have a notif badge on instagram, facebook, snapchat, and linkedin...which do you click first?', 5, 'Custom', 99, 'What\'s your leaning? Liberal ðŸ”·', 1, 166, 0.279),
(394, 'You open ur phone and have a notif badge on instagram, facebook, snapchat, and linkedin...which do you click first?', 5, 'Custom', 99, 'What\'s your leaning? Liberal ðŸ”·', 2, 124, 0.209),
(395, 'You open ur phone and have a notif badge on instagram, facebook, snapchat, and linkedin...which do you click first?', 5, 'Custom', 99, 'What\'s your leaning? Liberal ðŸ”·', 3, 285, 0.480),
(396, 'You open ur phone and have a notif badge on instagram, facebook, snapchat, and linkedin...which do you click first?', 5, 'Custom', 99, 'What\'s your leaning? Liberal ðŸ”·', 4, 19, 0.032),
(397, 'You open ur phone and have a notif badge on instagram, facebook, snapchat, and linkedin...which do you click first?', 5, 'Custom', 100, 'What\'s your leaning? Conservative ðŸ˜', 1, 102, 0.248),
(398, 'You open ur phone and have a notif badge on instagram, facebook, snapchat, and linkedin...which do you click first?', 5, 'Custom', 100, 'What\'s your leaning? Conservative ðŸ˜', 2, 53, 0.129),
(399, 'You open ur phone and have a notif badge on instagram, facebook, snapchat, and linkedin...which do you click first?', 5, 'Custom', 100, 'What\'s your leaning? Conservative ðŸ˜', 3, 234, 0.568),
(400, 'You open ur phone and have a notif badge on instagram, facebook, snapchat, and linkedin...which do you click first?', 5, 'Custom', 100, 'What\'s your leaning? Conservative ðŸ˜', 4, 23, 0.056),
(401, 'You open ur phone and have a notif badge on instagram, facebook, snapchat, and linkedin...which do you click first?', 5, 'Custom', 101, 'is your age? 25-30', 1, 1, 0.167),
(402, 'You open ur phone and have a notif badge on instagram, facebook, snapchat, and linkedin...which do you click first?', 5, 'Custom', 101, 'is your age? 25-30', 2, 2, 0.333),
(403, 'You open ur phone and have a notif badge on instagram, facebook, snapchat, and linkedin...which do you click first?', 5, 'Custom', 101, 'is your age? 25-30', 3, 1, 0.167),
(404, 'You open ur phone and have a notif badge on instagram, facebook, snapchat, and linkedin...which do you click first?', 5, 'Custom', 101, 'is your age? 25-30', 4, 2, 0.333),
(405, 'You open ur phone and have a notif badge on instagram, facebook, snapchat, and linkedin...which do you click first?', 5, 'Custom', 102, 'is your age? 18-24', 1, 33, 0.224),
(406, 'You open ur phone and have a notif badge on instagram, facebook, snapchat, and linkedin...which do you click first?', 5, 'Custom', 102, 'is your age? 18-24', 2, 29, 0.197),
(407, 'You open ur phone and have a notif badge on instagram, facebook, snapchat, and linkedin...which do you click first?', 5, 'Custom', 102, 'is your age? 18-24', 3, 79, 0.537),
(408, 'You open ur phone and have a notif badge on instagram, facebook, snapchat, and linkedin...which do you click first?', 5, 'Custom', 102, 'is your age? 18-24', 4, 6, 0.041),
(409, 'You open ur phone and have a notif badge on instagram, facebook, snapchat, and linkedin...which do you click first?', 5, 'Custom', 103, 'is your age? 15-17', 1, 18, 0.254),
(410, 'You open ur phone and have a notif badge on instagram, facebook, snapchat, and linkedin...which do you click first?', 5, 'Custom', 103, 'is your age? 15-17', 2, 8, 0.113),
(411, 'You open ur phone and have a notif badge on instagram, facebook, snapchat, and linkedin...which do you click first?', 5, 'Custom', 103, 'is your age? 15-17', 3, 43, 0.606),
(412, 'You open ur phone and have a notif badge on instagram, facebook, snapchat, and linkedin...which do you click first?', 5, 'Custom', 103, 'is your age? 15-17', 4, 2, 0.028),
(413, 'You open ur phone and have a notif badge on instagram, facebook, snapchat, and linkedin...which do you click first?', 5, 'Custom', 104, 'is your age? 14 or younger', 1, 1, 0.500),
(414, 'You open ur phone and have a notif badge on instagram, facebook, snapchat, and linkedin...which do you click first?', 5, 'Custom', 104, 'is your age? 14 or younger', 2, 0, 0.000),
(415, 'You open ur phone and have a notif badge on instagram, facebook, snapchat, and linkedin...which do you click first?', 5, 'Custom', 104, 'is your age? 14 or younger', 3, 1, 0.500),
(416, 'You open ur phone and have a notif badge on instagram, facebook, snapchat, and linkedin...which do you click first?', 5, 'Custom', 104, 'is your age? 14 or younger', 4, 0, 0.000),
(417, 'You open ur phone and have a notif badge on instagram, facebook, snapchat, and linkedin...which do you click first?', 5, 'Custom', 105, 'I\'m in? College', 1, 1116, 0.265),
(418, 'You open ur phone and have a notif badge on instagram, facebook, snapchat, and linkedin...which do you click first?', 5, 'Custom', 105, 'I\'m in? College', 2, 711, 0.169),
(419, 'You open ur phone and have a notif badge on instagram, facebook, snapchat, and linkedin...which do you click first?', 5, 'Custom', 105, 'I\'m in? College', 3, 2265, 0.537),
(420, 'You open ur phone and have a notif badge on instagram, facebook, snapchat, and linkedin...which do you click first?', 5, 'Custom', 105, 'I\'m in? College', 4, 127, 0.030),
(421, 'You open ur phone and have a notif badge on instagram, facebook, snapchat, and linkedin...which do you click first?', 5, 'Custom', 106, 'you vote for? Other', 1, 9, 0.231),
(422, 'You open ur phone and have a notif badge on instagram, facebook, snapchat, and linkedin...which do you click first?', 5, 'Custom', 106, 'you vote for? Other', 2, 6, 0.154),
(423, 'You open ur phone and have a notif badge on instagram, facebook, snapchat, and linkedin...which do you click first?', 5, 'Custom', 106, 'you vote for? Other', 3, 22, 0.564),
(424, 'You open ur phone and have a notif badge on instagram, facebook, snapchat, and linkedin...which do you click first?', 5, 'Custom', 106, 'you vote for? Other', 4, 2, 0.051),
(425, 'You open ur phone and have a notif badge on instagram, facebook, snapchat, and linkedin...which do you click first?', 5, 'Custom', 107, 'you vote for? Gary Johnson', 1, 36, 0.220),
(426, 'You open ur phone and have a notif badge on instagram, facebook, snapchat, and linkedin...which do you click first?', 5, 'Custom', 107, 'you vote for? Gary Johnson', 2, 29, 0.177),
(427, 'You open ur phone and have a notif badge on instagram, facebook, snapchat, and linkedin...which do you click first?', 5, 'Custom', 107, 'you vote for? Gary Johnson', 3, 86, 0.524),
(428, 'You open ur phone and have a notif badge on instagram, facebook, snapchat, and linkedin...which do you click first?', 5, 'Custom', 107, 'you vote for? Gary Johnson', 4, 13, 0.079),
(429, 'You open ur phone and have a notif badge on instagram, facebook, snapchat, and linkedin...which do you click first?', 5, 'Custom', 108, 'Are you? None/Other', 1, 74, 0.228),
(430, 'You open ur phone and have a notif badge on instagram, facebook, snapchat, and linkedin...which do you click first?', 5, 'Custom', 108, 'Are you? None/Other', 2, 58, 0.178),
(431, 'You open ur phone and have a notif badge on instagram, facebook, snapchat, and linkedin...which do you click first?', 5, 'Custom', 108, 'Are you? None/Other', 3, 179, 0.551),
(432, 'You open ur phone and have a notif badge on instagram, facebook, snapchat, and linkedin...which do you click first?', 5, 'Custom', 108, 'Are you? None/Other', 4, 14, 0.043),
(433, 'You open ur phone and have a notif badge on instagram, facebook, snapchat, and linkedin...which do you click first?', 5, 'Custom', 109, 'Are you? Muslim', 1, 3, 0.176),
(434, 'You open ur phone and have a notif badge on instagram, facebook, snapchat, and linkedin...which do you click first?', 5, 'Custom', 109, 'Are you? Muslim', 2, 2, 0.118),
(435, 'You open ur phone and have a notif badge on instagram, facebook, snapchat, and linkedin...which do you click first?', 5, 'Custom', 109, 'Are you? Muslim', 3, 11, 0.647),
(436, 'You open ur phone and have a notif badge on instagram, facebook, snapchat, and linkedin...which do you click first?', 5, 'Custom', 109, 'Are you? Muslim', 4, 1, 0.059),
(437, 'You open ur phone and have a notif badge on instagram, facebook, snapchat, and linkedin...which do you click first?', 5, 'Custom', 110, 'Are you? Jewish', 1, 12, 0.132),
(438, 'You open ur phone and have a notif badge on instagram, facebook, snapchat, and linkedin...which do you click first?', 5, 'Custom', 110, 'Are you? Jewish', 2, 32, 0.352),
(439, 'You open ur phone and have a notif badge on instagram, facebook, snapchat, and linkedin...which do you click first?', 5, 'Custom', 110, 'Are you? Jewish', 3, 42, 0.462),
(440, 'You open ur phone and have a notif badge on instagram, facebook, snapchat, and linkedin...which do you click first?', 5, 'Custom', 110, 'Are you? Jewish', 4, 5, 0.055),
(441, 'You open ur phone and have a notif badge on instagram, facebook, snapchat, and linkedin...which do you click first?', 5, 'Custom', 111, 'Sexual orientation? Bi', 1, 26, 0.382),
(442, 'You open ur phone and have a notif badge on instagram, facebook, snapchat, and linkedin...which do you click first?', 5, 'Custom', 111, 'Sexual orientation? Bi', 2, 11, 0.162),
(443, 'You open ur phone and have a notif badge on instagram, facebook, snapchat, and linkedin...which do you click first?', 5, 'Custom', 111, 'Sexual orientation? Bi', 3, 30, 0.441),
(444, 'You open ur phone and have a notif badge on instagram, facebook, snapchat, and linkedin...which do you click first?', 5, 'Custom', 111, 'Sexual orientation? Bi', 4, 1, 0.015),
(445, 'You open ur phone and have a notif badge on instagram, facebook, snapchat, and linkedin...which do you click first?', 5, 'Custom', 112, 'Sexual orientation? Straight', 1, 266, 0.277),
(446, 'You open ur phone and have a notif badge on instagram, facebook, snapchat, and linkedin...which do you click first?', 5, 'Custom', 112, 'Sexual orientation? Straight', 2, 127, 0.132),
(447, 'You open ur phone and have a notif badge on instagram, facebook, snapchat, and linkedin...which do you click first?', 5, 'Custom', 112, 'Sexual orientation? Straight', 3, 545, 0.567),
(448, 'You open ur phone and have a notif badge on instagram, facebook, snapchat, and linkedin...which do you click first?', 5, 'Custom', 112, 'Sexual orientation? Straight', 4, 23, 0.024),
(449, 'You open ur phone and have a notif badge on instagram, facebook, snapchat, and linkedin...which do you click first?', 5, 'Custom', 113, 'Sexual orientation? Gay', 1, 10, 0.345),
(450, 'You open ur phone and have a notif badge on instagram, facebook, snapchat, and linkedin...which do you click first?', 5, 'Custom', 113, 'Sexual orientation? Gay', 2, 5, 0.172),
(451, 'You open ur phone and have a notif badge on instagram, facebook, snapchat, and linkedin...which do you click first?', 5, 'Custom', 113, 'Sexual orientation? Gay', 3, 14, 0.483),
(452, 'You open ur phone and have a notif badge on instagram, facebook, snapchat, and linkedin...which do you click first?', 5, 'Custom', 113, 'Sexual orientation? Gay', 4, 0, 0.000),
(453, 'You open ur phone and have a notif badge on instagram, facebook, snapchat, and linkedin...which do you click first?', 5, 'Custom', 114, 'I\'m in? Other', 1, 14, 0.438),
(454, 'You open ur phone and have a notif badge on instagram, facebook, snapchat, and linkedin...which do you click first?', 5, 'Custom', 114, 'I\'m in? Other', 2, 4, 0.125),
(455, 'You open ur phone and have a notif badge on instagram, facebook, snapchat, and linkedin...which do you click first?', 5, 'Custom', 114, 'I\'m in? Other', 3, 13, 0.406),
(456, 'You open ur phone and have a notif badge on instagram, facebook, snapchat, and linkedin...which do you click first?', 5, 'Custom', 114, 'I\'m in? Other', 4, 1, 0.031),
(457, 'You open ur phone and have a notif badge on instagram, facebook, snapchat, and linkedin...which do you click first?', 5, 'Custom', 115, 'Are you? Christian', 1, 123, 0.293),
(458, 'You open ur phone and have a notif badge on instagram, facebook, snapchat, and linkedin...which do you click first?', 5, 'Custom', 115, 'Are you? Christian', 2, 71, 0.169),
(459, 'You open ur phone and have a notif badge on instagram, facebook, snapchat, and linkedin...which do you click first?', 5, 'Custom', 115, 'Are you? Christian', 3, 206, 0.490),
(460, 'You open ur phone and have a notif badge on instagram, facebook, snapchat, and linkedin...which do you click first?', 5, 'Custom', 115, 'Are you? Christian', 4, 20, 0.048),
(461, 'You open ur phone and have a notif badge on instagram, facebook, snapchat, and linkedin...which do you click first?', 5, 'Custom', 116, 'you vote for? Jill Stein', 1, 5, 0.238),
(462, 'You open ur phone and have a notif badge on instagram, facebook, snapchat, and linkedin...which do you click first?', 5, 'Custom', 116, 'you vote for? Jill Stein', 2, 3, 0.143),
(463, 'You open ur phone and have a notif badge on instagram, facebook, snapchat, and linkedin...which do you click first?', 5, 'Custom', 116, 'you vote for? Jill Stein', 3, 11, 0.524),
(464, 'You open ur phone and have a notif badge on instagram, facebook, snapchat, and linkedin...which do you click first?', 5, 'Custom', 116, 'you vote for? Jill Stein', 4, 2, 0.095),
(465, 'You open ur phone and have a notif badge on instagram, facebook, snapchat, and linkedin...which do you click first?', 5, 'Custom', 117, 'closely identify as? Black', 1, 19, 0.297),
(466, 'You open ur phone and have a notif badge on instagram, facebook, snapchat, and linkedin...which do you click first?', 5, 'Custom', 117, 'closely identify as? Black', 2, 7, 0.109),
(467, 'You open ur phone and have a notif badge on instagram, facebook, snapchat, and linkedin...which do you click first?', 5, 'Custom', 117, 'closely identify as? Black', 3, 37, 0.578),
(468, 'You open ur phone and have a notif badge on instagram, facebook, snapchat, and linkedin...which do you click first?', 5, 'Custom', 117, 'closely identify as? Black', 4, 1, 0.016),
(469, 'You open ur phone and have a notif badge on instagram, facebook, snapchat, and linkedin...which do you click first?', 5, 'Custom', 118, 'Sexual orientation? Confused', 1, 13, 0.325),
(470, 'You open ur phone and have a notif badge on instagram, facebook, snapchat, and linkedin...which do you click first?', 5, 'Custom', 118, 'Sexual orientation? Confused', 2, 8, 0.200),
(471, 'You open ur phone and have a notif badge on instagram, facebook, snapchat, and linkedin...which do you click first?', 5, 'Custom', 118, 'Sexual orientation? Confused', 3, 19, 0.475),
(472, 'You open ur phone and have a notif badge on instagram, facebook, snapchat, and linkedin...which do you click first?', 5, 'Custom', 118, 'Sexual orientation? Confused', 4, 0, 0.000),
(473, 'You open ur phone and have a notif badge on instagram, facebook, snapchat, and linkedin...which do you click first?', 5, 'Custom', 119, 'I\'m in? Grad School', 1, 80, 0.327),
(474, 'You open ur phone and have a notif badge on instagram, facebook, snapchat, and linkedin...which do you click first?', 5, 'Custom', 119, 'I\'m in? Grad School', 2, 34, 0.139),
(475, 'You open ur phone and have a notif badge on instagram, facebook, snapchat, and linkedin...which do you click first?', 5, 'Custom', 119, 'I\'m in? Grad School', 3, 125, 0.510),
(476, 'You open ur phone and have a notif badge on instagram, facebook, snapchat, and linkedin...which do you click first?', 5, 'Custom', 119, 'I\'m in? Grad School', 4, 6, 0.024),
(477, 'You open ur phone and have a notif badge on instagram, facebook, snapchat, and linkedin...which do you click first?', 5, 'Custom', 120, 'Graduation Year 2020', 1, 51, 0.244),
(478, 'You open ur phone and have a notif badge on instagram, facebook, snapchat, and linkedin...which do you click first?', 5, 'Custom', 120, 'Graduation Year 2020', 2, 31, 0.148),
(479, 'You open ur phone and have a notif badge on instagram, facebook, snapchat, and linkedin...which do you click first?', 5, 'Custom', 120, 'Graduation Year 2020', 3, 118, 0.565),
(480, 'You open ur phone and have a notif badge on instagram, facebook, snapchat, and linkedin...which do you click first?', 5, 'Custom', 120, 'Graduation Year 2020', 4, 9, 0.043),
(481, 'You open ur phone and have a notif badge on instagram, facebook, snapchat, and linkedin...which do you click first?', 5, 'Custom', 121, 'you vote for? Donald Trump', 1, 90, 0.290),
(482, 'You open ur phone and have a notif badge on instagram, facebook, snapchat, and linkedin...which do you click first?', 5, 'Custom', 121, 'you vote for? Donald Trump', 2, 31, 0.100),
(483, 'You open ur phone and have a notif badge on instagram, facebook, snapchat, and linkedin...which do you click first?', 5, 'Custom', 121, 'you vote for? Donald Trump', 3, 178, 0.574),
(484, 'You open ur phone and have a notif badge on instagram, facebook, snapchat, and linkedin...which do you click first?', 5, 'Custom', 121, 'you vote for? Donald Trump', 4, 11, 0.035),
(485, 'You open ur phone and have a notif badge on instagram, facebook, snapchat, and linkedin...which do you click first?', 5, 'Custom', 122, 'Graduation Year 2017', 1, 23, 0.198),
(486, 'You open ur phone and have a notif badge on instagram, facebook, snapchat, and linkedin...which do you click first?', 5, 'Custom', 122, 'Graduation Year 2017', 2, 25, 0.216),
(487, 'You open ur phone and have a notif badge on instagram, facebook, snapchat, and linkedin...which do you click first?', 5, 'Custom', 122, 'Graduation Year 2017', 3, 63, 0.543),
(488, 'You open ur phone and have a notif badge on instagram, facebook, snapchat, and linkedin...which do you click first?', 5, 'Custom', 122, 'Graduation Year 2017', 4, 5, 0.043),
(489, 'You open ur phone and have a notif badge on instagram, facebook, snapchat, and linkedin...which do you click first?', 5, 'Custom', 123, 'closely identify as? Other', 1, 14, 0.269),
(490, 'You open ur phone and have a notif badge on instagram, facebook, snapchat, and linkedin...which do you click first?', 5, 'Custom', 123, 'closely identify as? Other', 2, 7, 0.135),
(491, 'You open ur phone and have a notif badge on instagram, facebook, snapchat, and linkedin...which do you click first?', 5, 'Custom', 123, 'closely identify as? Other', 3, 25, 0.481),
(492, 'You open ur phone and have a notif badge on instagram, facebook, snapchat, and linkedin...which do you click first?', 5, 'Custom', 123, 'closely identify as? Other', 4, 6, 0.115),
(493, 'You open ur phone and have a notif badge on instagram, facebook, snapchat, and linkedin...which do you click first?', 5, 'Custom', 124, 'closely identify as? Native American', 1, 2, 0.286),
(494, 'You open ur phone and have a notif badge on instagram, facebook, snapchat, and linkedin...which do you click first?', 5, 'Custom', 124, 'closely identify as? Native American', 2, 2, 0.286),
(495, 'You open ur phone and have a notif badge on instagram, facebook, snapchat, and linkedin...which do you click first?', 5, 'Custom', 124, 'closely identify as? Native American', 3, 3, 0.429),
(496, 'You open ur phone and have a notif badge on instagram, facebook, snapchat, and linkedin...which do you click first?', 5, 'Custom', 124, 'closely identify as? Native American', 4, 0, 0.000),
(497, 'You open ur phone and have a notif badge on instagram, facebook, snapchat, and linkedin...which do you click first?', 5, 'Custom', 125, 'closely identify as? Asian', 1, 25, 0.214),
(498, 'You open ur phone and have a notif badge on instagram, facebook, snapchat, and linkedin...which do you click first?', 5, 'Custom', 125, 'closely identify as? Asian', 2, 28, 0.239),
(499, 'You open ur phone and have a notif badge on instagram, facebook, snapchat, and linkedin...which do you click first?', 5, 'Custom', 125, 'closely identify as? Asian', 3, 59, 0.504),
(500, 'You open ur phone and have a notif badge on instagram, facebook, snapchat, and linkedin...which do you click first?', 5, 'Custom', 125, 'closely identify as? Asian', 4, 5, 0.043),
(501, 'You open ur phone and have a notif badge on instagram, facebook, snapchat, and linkedin...which do you click first?', 5, 'Custom', 126, 'closely identify as? Hispanic', 1, 16, 0.291),
(502, 'You open ur phone and have a notif badge on instagram, facebook, snapchat, and linkedin...which do you click first?', 5, 'Custom', 126, 'closely identify as? Hispanic', 2, 8, 0.145),
(503, 'You open ur phone and have a notif badge on instagram, facebook, snapchat, and linkedin...which do you click first?', 5, 'Custom', 126, 'closely identify as? Hispanic', 3, 29, 0.527),
(504, 'You open ur phone and have a notif badge on instagram, facebook, snapchat, and linkedin...which do you click first?', 5, 'Custom', 126, 'closely identify as? Hispanic', 4, 2, 0.036),
(505, 'You open ur phone and have a notif badge on instagram, facebook, snapchat, and linkedin...which do you click first?', 5, 'Custom', 127, 'I\'m in? High School', 1, 360, 0.266),
(506, 'You open ur phone and have a notif badge on instagram, facebook, snapchat, and linkedin...which do you click first?', 5, 'Custom', 127, 'I\'m in? High School', 2, 85, 0.063),
(507, 'You open ur phone and have a notif badge on instagram, facebook, snapchat, and linkedin...which do you click first?', 5, 'Custom', 127, 'I\'m in? High School', 3, 892, 0.659),
(508, 'You open ur phone and have a notif badge on instagram, facebook, snapchat, and linkedin...which do you click first?', 5, 'Custom', 127, 'I\'m in? High School', 4, 17, 0.013),
(509, 'You open ur phone and have a notif badge on instagram, facebook, snapchat, and linkedin...which do you click first?', 5, 'Custom', 128, 'your parents make?  $50K-$90K', 1, 79, 0.300),
(510, 'You open ur phone and have a notif badge on instagram, facebook, snapchat, and linkedin...which do you click first?', 5, 'Custom', 128, 'your parents make?  $50K-$90K', 2, 29, 0.110),
(511, 'You open ur phone and have a notif badge on instagram, facebook, snapchat, and linkedin...which do you click first?', 5, 'Custom', 128, 'your parents make?  $50K-$90K', 3, 151, 0.574),
(512, 'You open ur phone and have a notif badge on instagram, facebook, snapchat, and linkedin...which do you click first?', 5, 'Custom', 128, 'your parents make?  $50K-$90K', 4, 4, 0.015),
(513, 'You open ur phone and have a notif badge on instagram, facebook, snapchat, and linkedin...which do you click first?', 5, 'Custom', 129, 'Mac or PC? Other ðŸ§', 1, 5, 0.217),
(514, 'You open ur phone and have a notif badge on instagram, facebook, snapchat, and linkedin...which do you click first?', 5, 'Custom', 129, 'Mac or PC? Other ðŸ§', 2, 6, 0.261),
(515, 'You open ur phone and have a notif badge on instagram, facebook, snapchat, and linkedin...which do you click first?', 5, 'Custom', 129, 'Mac or PC? Other ðŸ§', 3, 11, 0.478),
(516, 'You open ur phone and have a notif badge on instagram, facebook, snapchat, and linkedin...which do you click first?', 5, 'Custom', 129, 'Mac or PC? Other ðŸ§', 4, 1, 0.043);

-- --------------------------------------------------------

--
-- Table structure for table `platforms`
--

CREATE TABLE `platforms` (
  `id` int(11) NOT NULL,
  `name` varchar(100) NOT NULL
) ENGINE=InnoDB DEFAULT CHARSET=utf8mb4;

--
-- Dumping data for table `platforms`
--

INSERT INTO `platforms` (`id`, `name`) VALUES
(1, 'Instagram'),
(2, 'Facebook'),
(3, 'Snapchat'),
(4, 'Linkedin');

-- --------------------------------------------------------

--
-- Table structure for table `segments`
--

CREATE TABLE `segments` (
  `id` int(11) NOT NULL,
  `name` varchar(100) NOT NULL
) ENGINE=InnoDB DEFAULT CHARSET=utf8mb4;

--
-- Dumping data for table `segments`
--

INSERT INTO `segments` (`id`, `name`) VALUES
(1, 'Mobile'),
(2, 'Web'),
(3, 'Gender'),
(4, 'University'),
(5, 'Custom');

--
-- Indexes for dumped tables
--

--
-- Indexes for table `descriptions`
--
ALTER TABLE `descriptions`
  ADD PRIMARY KEY (`id`);

--
-- Indexes for table `main`
--
ALTER TABLE `main`
  ADD PRIMARY KEY (`id`),
  ADD KEY `main_description` (`description_id`),
  ADD KEY `main_platform` (`platform_id`),
  ADD KEY `main_segment` (`segment_id`);

--
-- Indexes for table `platforms`
--
ALTER TABLE `platforms`
  ADD PRIMARY KEY (`id`);

--
-- Indexes for table `segments`
--
ALTER TABLE `segments`
  ADD PRIMARY KEY (`id`);

--
-- AUTO_INCREMENT for dumped tables
--

--
-- AUTO_INCREMENT for table `descriptions`
--
ALTER TABLE `descriptions`
  MODIFY `id` int(11) NOT NULL AUTO_INCREMENT, AUTO_INCREMENT=130;

--
-- AUTO_INCREMENT for table `main`
--
ALTER TABLE `main`
  MODIFY `id` int(11) NOT NULL AUTO_INCREMENT, AUTO_INCREMENT=517;

--
-- AUTO_INCREMENT for table `platforms`
--
ALTER TABLE `platforms`
  MODIFY `id` int(11) NOT NULL AUTO_INCREMENT, AUTO_INCREMENT=5;

--
-- AUTO_INCREMENT for table `segments`
--
ALTER TABLE `segments`
  MODIFY `id` int(11) NOT NULL AUTO_INCREMENT, AUTO_INCREMENT=6;

--
-- Constraints for dumped tables
--

--
-- Constraints for table `main`
--
ALTER TABLE `main`
  ADD CONSTRAINT `main_description` FOREIGN KEY (`description_id`) REFERENCES `descriptions` (`id`) ON DELETE CASCADE ON UPDATE CASCADE,
  ADD CONSTRAINT `main_platform` FOREIGN KEY (`platform_id`) REFERENCES `platforms` (`id`) ON DELETE CASCADE ON UPDATE CASCADE,
  ADD CONSTRAINT `main_segment` FOREIGN KEY (`segment_id`) REFERENCES `segments` (`id`) ON DELETE CASCADE ON UPDATE CASCADE;
COMMIT;

/*!40101 SET CHARACTER_SET_CLIENT=@OLD_CHARACTER_SET_CLIENT */;
/*!40101 SET CHARACTER_SET_RESULTS=@OLD_CHARACTER_SET_RESULTS */;
/*!40101 SET COLLATION_CONNECTION=@OLD_COLLATION_CONNECTION */;
