-- phpMyAdmin SQL Dump
-- version 4.8.5
-- https://www.phpmyadmin.net/
--
-- Host: localhost:3306
-- Generation Time: Nov 17, 2022 at 06:43 PM
-- Server version: 5.7.33
-- PHP Version: 7.4.19

SET SQL_MODE = "NO_AUTO_VALUE_ON_ZERO";
SET AUTOCOMMIT = 0;
START TRANSACTION;
SET time_zone = "+00:00";


/*!40101 SET @OLD_CHARACTER_SET_CLIENT=@@CHARACTER_SET_CLIENT */;
/*!40101 SET @OLD_CHARACTER_SET_RESULTS=@@CHARACTER_SET_RESULTS */;
/*!40101 SET @OLD_COLLATION_CONNECTION=@@COLLATION_CONNECTION */;
/*!40101 SET NAMES utf8mb4 */;

--
-- Database: `picnic`
--

-- --------------------------------------------------------

--
-- Table structure for table `descriptions`
--

CREATE TABLE `descriptions` (
  `id` int(11) NOT NULL,
  `name` varchar(100) NOT NULL
) ENGINE=InnoDB DEFAULT CHARSET=utf8mb4 ROW_FORMAT=DYNAMIC;

--
-- Dumping data for table `descriptions`
--

INSERT INTO `descriptions` (`id`, `name`) VALUES
(1, 'Mobile respondents'),
(2, 'Web-based respondents'),
(3, 'Female respondents'),
(4, 'Male respondents'),
(5, 'John Glenn High School'),
(6, 'Alfred State University'),
(7, 'Johns Hopkins University'),
(8, 'Chapman University'),
(9, 'Hillsdale College'),
(10, 'University of New Hampshire'),
(11, 'University of North Carolina'),
(12, 'Vanderbilt University'),
(13, 'University of Virginia'),
(14, 'University of Texas'),
(15, 'Cornell University'),
(16, 'Butler University'),
(17, 'University of Illinois'),
(18, 'University of Washington'),
(19, 'Cal Poly San Luis Obispo'),
(20, 'Penn State University'),
(21, 'University of Michigan'),
(22, 'Northwestern University'),
(23, 'Montgomery Blair High School'),
(24, 'University of Alabama'),
(25, 'James Madison University'),
(26, 'Texas Christian University'),
(27, 'Texas A&M University'),
(28, 'University of Arkansas'),
(29, 'San Diego State University'),
(30, 'University of Colorado Boulder'),
(31, 'Smith College'),
(32, 'University of Notre Dame'),
(33, 'University of Nebraska Omaha'),
(34, 'University of Delaware'),
(35, 'Florida Atlantic University'),
(36, 'University of Wisconsin Stevens Point'),
(37, 'University of California Riverside'),
(38, 'Louisiana State University'),
(39, 'Temple University'),
(40, 'High Point University'),
(41, 'Dartmouth College'),
(42, 'Duke University'),
(43, 'University of California Irvine'),
(44, 'University of British Columbia'),
(45, 'San Marin High School'),
(46, 'Ohio University'),
(47, 'Wilfred Laurier University'),
(48, 'UMass Amherst'),
(49, 'University of Southern California'),
(50, 'University of California, Los Angeles'),
(51, 'Iowa State University'),
(52, 'University of California, Davis'),
(53, 'Missouri State University'),
(54, 'Rice University'),
(55, 'University of Tennessee'),
(56, 'Claremont McKenna College'),
(57, 'University of Oregon'),
(58, 'Chaparral High School'),
(59, 'Syracuse University'),
(60, 'University of Waterloo'),
(61, 'Mountain Vista High School'),
(62, 'Texas State University'),
(63, 'Southern Illinois University Carbondale'),
(64, 'George Washington University'),
(65, 'University of Louisville'),
(66, 'Southern Methodist University'),
(67, 'University of Minnesota'),
(68, 'York University'),
(69, 'Santa Clara University'),
(70, 'Indiana University'),
(71, 'University of California, Berkeley'),
(72, 'College of William and Mary'),
(73, 'University of Missouri'),
(74, 'Virginia Tech'),
(75, 'Purdue University'),
(76, 'Appalachian State University'),
(77, 'Emory University'),
(78, 'University of Arizona'),
(79, 'Truman State University'),
(80, 'University of Wisconsin-Madison'),
(81, 'Ohio State University'),
(82, 'your parents make? $90K-$240k'),
(83, 'student loan debt? No'),
(84, 'student loan debt? Yes'),
(85, 'you vote for? Didn\'t vote'),
(86, 'your parents make?  < $50K'),
(87, 'you vote for? Writing in Bernie'),
(88, 'you vote for? Hillary Clinton'),
(89, 'Graduation Year 2019'),
(90, 'closely identify as? White'),
(91, 'Mac or PC? Mac ðŸ–¥'),
(92, 'I\'m in? Post-grad'),
(93, 'Mac or PC? PC ðŸ’»'),
(94, 'Graduation Year 2018'),
(95, 'your parents make? > $240K'),
(96, 'is your age? 35 or older'),
(97, 'is your age? 31-34'),
(98, 'What\'s your leaning? In-between'),
(99, 'What\'s your leaning? Liberal ðŸ”·'),
(100, 'What\'s your leaning? Conservative ðŸ˜'),
(101, 'is your age? 25-30'),
(102, 'is your age? 18-24'),
(103, 'is your age? 15-17'),
(104, 'is your age? 14 or younger'),
(105, 'I\'m in? College'),
(106, 'you vote for? Other'),
(107, 'you vote for? Gary Johnson'),
(108, 'Are you? None/Other'),
(109, 'Are you? Muslim'),
(110, 'Are you? Jewish'),
(111, 'Sexual orientation? Bi'),
(112, 'Sexual orientation? Straight'),
(113, 'Sexual orientation? Gay'),
(114, 'I\'m in? Other'),
(115, 'Are you? Christian'),
(116, 'you vote for? Jill Stein'),
(117, 'closely identify as? Black'),
(118, 'Sexual orientation? Confused'),
(119, 'I\'m in? Grad School'),
(120, 'Graduation Year 2020'),
(121, 'you vote for? Donald Trump'),
(122, 'Graduation Year 2017'),
(123, 'closely identify as? Other'),
(124, 'closely identify as? Native American'),
(125, 'closely identify as? Asian'),
(126, 'closely identify as? Hispanic'),
(127, 'I\'m in? High School'),
(128, 'your parents make?  $50K-$90K'),
(129, 'Mac or PC? Other ðŸ§');

-- --------------------------------------------------------

--
-- Table structure for table `main`
--

CREATE TABLE `main` (
  `id` int(11) NOT NULL,
  `question` varchar(255) NOT NULL,
  `segment_id` int(11) NOT NULL,
  `description_id` int(11) NOT NULL,
  `platform_id` int(11) NOT NULL,
  `votes` int(11) NOT NULL,
  `percentage` double(6,3) NOT NULL
) ENGINE=InnoDB DEFAULT CHARSET=utf8mb4 ROW_FORMAT=DYNAMIC;

--
-- Dumping data for table `main`
--

INSERT INTO `main` (`id`, `question`, `segment_id`, `description_id`, `platform_id`, `votes`, `percentage`) VALUES
(1, 'You open ur phone and have a notif badge on instagram, facebook, snapchat, and linkedin...which do you click first?', 1, 1, 1, 2559, 0.273),
(2, 'You open ur phone and have a notif badge on instagram, facebook, snapchat, and linkedin...which do you click first?', 1, 1, 2, 1182, 0.126),
(3, 'You open ur phone and have a notif badge on instagram, facebook, snapchat, and linkedin...which do you click first?', 1, 1, 3, 5423, 0.579),
(4, 'You open ur phone and have a notif badge on instagram, facebook, snapchat, and linkedin...which do you click first?', 1, 1, 4, 210, 0.022),
(5, 'You open ur phone and have a notif badge on instagram, facebook, snapchat, and linkedin...which do you click first?', 2, 2, 1, 30, 0.256),
(6, 'You open ur phone and have a notif badge on instagram, facebook, snapchat, and linkedin...which do you click first?', 2, 2, 2, 32, 0.274),
(7, 'You open ur phone and have a notif badge on instagram, facebook, snapchat, and linkedin...which do you click first?', 2, 2, 3, 47, 0.402),
(8, 'You open ur phone and have a notif badge on instagram, facebook, snapchat, and linkedin...which do you click first?', 2, 2, 4, 8, 0.068),
(9, 'You open ur phone and have a notif badge on instagram, facebook, snapchat, and linkedin...which do you click first?', 3, 3, 1, 1576, 0.300),
(10, 'You open ur phone and have a notif badge on instagram, facebook, snapchat, and linkedin...which do you click first?', 3, 3, 2, 644, 0.122),
(11, 'You open ur phone and have a notif badge on instagram, facebook, snapchat, and linkedin...which do you click first?', 3, 3, 3, 2967, 0.564),
(12, 'You open ur phone and have a notif badge on instagram, facebook, snapchat, and linkedin...which do you click first?', 3, 3, 4, 73, 0.014),
(13, 'You open ur phone and have a notif badge on instagram, facebook, snapchat, and linkedin...which do you click first?', 3, 4, 1, 1008, 0.240),
(14, 'You open ur phone and have a notif badge on instagram, facebook, snapchat, and linkedin...which do you click first?', 3, 4, 2, 565, 0.135),
(15, 'You open ur phone and have a notif badge on instagram, facebook, snapchat, and linkedin...which do you click first?', 3, 4, 3, 2483, 0.591),
(16, 'You open ur phone and have a notif badge on instagram, facebook, snapchat, and linkedin...which do you click first?', 3, 4, 4, 142, 0.034),
(17, 'You open ur phone and have a notif badge on instagram, facebook, snapchat, and linkedin...which do you click first?', 4, 5, 1, 0, 0.000),
(18, 'You open ur phone and have a notif badge on instagram, facebook, snapchat, and linkedin...which do you click first?', 4, 5, 2, 0, 0.000),
(19, 'You open ur phone and have a notif badge on instagram, facebook, snapchat, and linkedin...which do you click first?', 4, 5, 3, 0, 0.000),
(20, 'You open ur phone and have a notif badge on instagram, facebook, snapchat, and linkedin...which do you click first?', 4, 5, 4, 1, 1.000),
(21, 'You open ur phone and have a notif badge on instagram, facebook, snapchat, and linkedin...which do you click first?', 4, 6, 1, 0, 0.000),
(22, 'You open ur phone and have a notif badge on instagram, facebook, snapchat, and linkedin...which do you click first?', 4, 6, 2, 1, 1.000),
(23, 'You open ur phone and have a notif badge on instagram, facebook, snapchat, and linkedin...which do you click first?', 4, 6, 3, 0, 0.000),
(24, 'You open ur phone and have a notif badge on instagram, facebook, snapchat, and linkedin...which do you click first?', 4, 6, 4, 0, 0.000),
(25, 'You open ur phone and have a notif badge on instagram, facebook, snapchat, and linkedin...which do you click first?', 4, 7, 1, 2, 0.053),
(26, 'You open ur phone and have a notif badge on instagram, facebook, snapchat, and linkedin...which do you click first?', 4, 7, 2, 14, 0.368),
(27, 'You open ur phone and have a notif badge on instagram, facebook, snapchat, and linkedin...which do you click first?', 4, 7, 3, 21, 0.553),
(28, 'You open ur phone and have a notif badge on instagram, facebook, snapchat, and linkedin...which do you click first?', 4, 7, 4, 1, 0.026),
(29, 'You open ur phone and have a notif badge on instagram, facebook, snapchat, and linkedin...which do you click first?', 4, 8, 1, 0, 0.000),
(30, 'You open ur phone and have a notif badge on instagram, facebook, snapchat, and linkedin...which do you click first?', 4, 8, 2, 0, 0.000),
(31, 'You open ur phone and have a notif badge on instagram, facebook, snapchat, and linkedin...which do you click first?', 4, 8, 3, 1, 1.000),
(32, 'You open ur phone and have a notif badge on instagram, facebook, snapchat, and linkedin...which do you click first?', 4, 8, 4, 0, 0.000),
(33, 'You open ur phone and have a notif badge on instagram, facebook, snapchat, and linkedin...which do you click first?', 4, 9, 1, 0, 0.000),
(34, 'You open ur phone and have a notif badge on instagram, facebook, snapchat, and linkedin...which do you click first?', 4, 9, 2, 0, 0.000),
(35, 'You open ur phone and have a notif badge on instagram, facebook, snapchat, and linkedin...which do you click first?', 4, 9, 3, 1, 1.000),
(36, 'You open ur phone and have a notif badge on instagram, facebook, snapchat, and linkedin...which do you click first?', 4, 9, 4, 0, 0.000),
(37, 'You open ur phone and have a notif badge on instagram, facebook, snapchat, and linkedin...which do you click first?', 4, 10, 1, 2, 1.000),
(38, 'You open ur phone and have a notif badge on instagram, facebook, snapchat, and linkedin...which do you click first?', 4, 10, 2, 0, 0.000),
(39, 'You open ur phone and have a notif badge on instagram, facebook, snapchat, and linkedin...which do you click first?', 4, 10, 3, 0, 0.000),
(40, 'You open ur phone and have a notif badge on instagram, facebook, snapchat, and linkedin...which do you click first?', 4, 10, 4, 0, 0.000),
(41, 'You open ur phone and have a notif badge on instagram, facebook, snapchat, and linkedin...which do you click first?', 4, 11, 1, 9, 0.237),
(42, 'You open ur phone and have a notif badge on instagram, facebook, snapchat, and linkedin...which do you click first?', 4, 11, 2, 3, 0.079),
(43, 'You open ur phone and have a notif badge on instagram, facebook, snapchat, and linkedin...which do you click first?', 4, 11, 3, 26, 0.684),
(44, 'You open ur phone and have a notif badge on instagram, facebook, snapchat, and linkedin...which do you click first?', 4, 11, 4, 0, 0.000),
(45, 'You open ur phone and have a notif badge on instagram, facebook, snapchat, and linkedin...which do you click first?', 4, 12, 1, 11, 0.275),
(46, 'You open ur phone and have a notif badge on instagram, facebook, snapchat, and linkedin...which do you click first?', 4, 12, 2, 8, 0.200),
(47, 'You open ur phone and have a notif badge on instagram, facebook, snapchat, and linkedin...which do you click first?', 4, 12, 3, 21, 0.525),
(48, 'You open ur phone and have a notif badge on instagram, facebook, snapchat, and linkedin...which do you click first?', 4, 12, 4, 0, 0.000),
(49, 'You open ur phone and have a notif badge on instagram, facebook, snapchat, and linkedin...which do you click first?', 4, 13, 1, 37, 0.236),
(50, 'You open ur phone and have a notif badge on instagram, facebook, snapchat, and linkedin...which do you click first?', 4, 13, 2, 27, 0.172),
(51, 'You open ur phone and have a notif badge on instagram, facebook, snapchat, and linkedin...which do you click first?', 4, 13, 3, 86, 0.548),
(52, 'You open ur phone and have a notif badge on instagram, facebook, snapchat, and linkedin...which do you click first?', 4, 13, 4, 7, 0.045),
(53, 'You open ur phone and have a notif badge on instagram, facebook, snapchat, and linkedin...which do you click first?', 4, 14, 1, 8, 0.242),
(54, 'You open ur phone and have a notif badge on instagram, facebook, snapchat, and linkedin...which do you click first?', 4, 14, 2, 5, 0.152),
(55, 'You open ur phone and have a notif badge on instagram, facebook, snapchat, and linkedin...which do you click first?', 4, 14, 3, 16, 0.485),
(56, 'You open ur phone and have a notif badge on instagram, facebook, snapchat, and linkedin...which do you click first?', 4, 14, 4, 4, 0.121),
(57, 'You open ur phone and have a notif badge on instagram, facebook, snapchat, and linkedin...which do you click first?', 4, 15, 1, 113, 0.248),
(58, 'You open ur phone and have a notif badge on instagram, facebook, snapchat, and linkedin...which do you click first?', 4, 15, 2, 97, 0.213),
(59, 'You open ur phone and have a notif badge on instagram, facebook, snapchat, and linkedin...which do you click first?', 4, 15, 3, 226, 0.496),
(60, 'You open ur phone and have a notif badge on instagram, facebook, snapchat, and linkedin...which do you click first?', 4, 15, 4, 20, 0.044),
(61, 'You open ur phone and have a notif badge on instagram, facebook, snapchat, and linkedin...which do you click first?', 4, 16, 1, 9, 0.333),
(62, 'You open ur phone and have a notif badge on instagram, facebook, snapchat, and linkedin...which do you click first?', 4, 16, 2, 2, 0.074),
(63, 'You open ur phone and have a notif badge on instagram, facebook, snapchat, and linkedin...which do you click first?', 4, 16, 3, 13, 0.481),
(64, 'You open ur phone and have a notif badge on instagram, facebook, snapchat, and linkedin...which do you click first?', 4, 16, 4, 3, 0.111),
(65, 'You open ur phone and have a notif badge on instagram, facebook, snapchat, and linkedin...which do you click first?', 4, 17, 1, 8, 0.110),
(66, 'You open ur phone and have a notif badge on instagram, facebook, snapchat, and linkedin...which do you click first?', 4, 17, 2, 13, 0.178),
(67, 'You open ur phone and have a notif badge on instagram, facebook, snapchat, and linkedin...which do you click first?', 4, 17, 3, 47, 0.644),
(68, 'You open ur phone and have a notif badge on instagram, facebook, snapchat, and linkedin...which do you click first?', 4, 17, 4, 5, 0.068),
(69, 'You open ur phone and have a notif badge on instagram, facebook, snapchat, and linkedin...which do you click first?', 4, 18, 1, 82, 0.347),
(70, 'You open ur phone and have a notif badge on instagram, facebook, snapchat, and linkedin...which do you click first?', 4, 18, 2, 36, 0.153),
(71, 'You open ur phone and have a notif badge on instagram, facebook, snapchat, and linkedin...which do you click first?', 4, 18, 3, 115, 0.487),
(72, 'You open ur phone and have a notif badge on instagram, facebook, snapchat, and linkedin...which do you click first?', 4, 18, 4, 3, 0.013),
(73, 'You open ur phone and have a notif badge on instagram, facebook, snapchat, and linkedin...which do you click first?', 4, 19, 1, 5, 0.192),
(74, 'You open ur phone and have a notif badge on instagram, facebook, snapchat, and linkedin...which do you click first?', 4, 19, 2, 2, 0.077),
(75, 'You open ur phone and have a notif badge on instagram, facebook, snapchat, and linkedin...which do you click first?', 4, 19, 3, 19, 0.731),
(76, 'You open ur phone and have a notif badge on instagram, facebook, snapchat, and linkedin...which do you click first?', 4, 19, 4, 0, 0.000),
(77, 'You open ur phone and have a notif badge on instagram, facebook, snapchat, and linkedin...which do you click first?', 4, 20, 1, 5, 0.217),
(78, 'You open ur phone and have a notif badge on instagram, facebook, snapchat, and linkedin...which do you click first?', 4, 20, 2, 6, 0.261),
(79, 'You open ur phone and have a notif badge on instagram, facebook, snapchat, and linkedin...which do you click first?', 4, 20, 3, 12, 0.522),
(80, 'You open ur phone and have a notif badge on instagram, facebook, snapchat, and linkedin...which do you click first?', 4, 20, 4, 0, 0.000),
(81, 'You open ur phone and have a notif badge on instagram, facebook, snapchat, and linkedin...which do you click first?', 4, 21, 1, 12, 0.207),
(82, 'You open ur phone and have a notif badge on instagram, facebook, snapchat, and linkedin...which do you click first?', 4, 21, 2, 17, 0.293),
(83, 'You open ur phone and have a notif badge on instagram, facebook, snapchat, and linkedin...which do you click first?', 4, 21, 3, 25, 0.431),
(84, 'You open ur phone and have a notif badge on instagram, facebook, snapchat, and linkedin...which do you click first?', 4, 21, 4, 4, 0.069),
(85, 'You open ur phone and have a notif badge on instagram, facebook, snapchat, and linkedin...which do you click first?', 4, 22, 1, 12, 0.250),
(86, 'You open ur phone and have a notif badge on instagram, facebook, snapchat, and linkedin...which do you click first?', 4, 22, 2, 14, 0.292),
(87, 'You open ur phone and have a notif badge on instagram, facebook, snapchat, and linkedin...which do you click first?', 4, 22, 3, 20, 0.417),
(88, 'You open ur phone and have a notif badge on instagram, facebook, snapchat, and linkedin...which do you click first?', 4, 22, 4, 2, 0.042),
(89, 'You open ur phone and have a notif badge on instagram, facebook, snapchat, and linkedin...which do you click first?', 4, 23, 1, 8, 0.216),
(90, 'You open ur phone and have a notif badge on instagram, facebook, snapchat, and linkedin...which do you click first?', 4, 23, 2, 3, 0.081),
(91, 'You open ur phone and have a notif badge on instagram, facebook, snapchat, and linkedin...which do you click first?', 4, 23, 3, 24, 0.649),
(92, 'You open ur phone and have a notif badge on instagram, facebook, snapchat, and linkedin...which do you click first?', 4, 23, 4, 2, 0.054),
(93, 'You open ur phone and have a notif badge on instagram, facebook, snapchat, and linkedin...which do you click first?', 4, 24, 1, 9, 0.333),
(94, 'You open ur phone and have a notif badge on instagram, facebook, snapchat, and linkedin...which do you click first?', 4, 24, 2, 3, 0.111),
(95, 'You open ur phone and have a notif badge on instagram, facebook, snapchat, and linkedin...which do you click first?', 4, 24, 3, 14, 0.519),
(96, 'You open ur phone and have a notif badge on instagram, facebook, snapchat, and linkedin...which do you click first?', 4, 24, 4, 1, 0.037),
(97, 'You open ur phone and have a notif badge on instagram, facebook, snapchat, and linkedin...which do you click first?', 4, 25, 1, 8, 0.400),
(98, 'You open ur phone and have a notif badge on instagram, facebook, snapchat, and linkedin...which do you click first?', 4, 25, 2, 1, 0.050),
(99, 'You open ur phone and have a notif badge on instagram, facebook, snapchat, and linkedin...which do you click first?', 4, 25, 3, 11, 0.550),
(100, 'You open ur phone and have a notif badge on instagram, facebook, snapchat, and linkedin...which do you click first?', 4, 25, 4, 0, 0.000),
(101, 'You open ur phone and have a notif badge on instagram, facebook, snapchat, and linkedin...which do you click first?', 4, 26, 1, 4, 0.200),
(102, 'You open ur phone and have a notif badge on instagram, facebook, snapchat, and linkedin...which do you click first?', 4, 26, 2, 4, 0.200),
(103, 'You open ur phone and have a notif badge on instagram, facebook, snapchat, and linkedin...which do you click first?', 4, 26, 3, 10, 0.500),
(104, 'You open ur phone and have a notif badge on instagram, facebook, snapchat, and linkedin...which do you click first?', 4, 26, 4, 2, 0.100),
(105, 'You open ur phone and have a notif badge on instagram, facebook, snapchat, and linkedin...which do you click first?', 4, 27, 1, 5, 0.238),
(106, 'You open ur phone and have a notif badge on instagram, facebook, snapchat, and linkedin...which do you click first?', 4, 27, 2, 2, 0.095),
(107, 'You open ur phone and have a notif badge on instagram, facebook, snapchat, and linkedin...which do you click first?', 4, 27, 3, 14, 0.667),
(108, 'You open ur phone and have a notif badge on instagram, facebook, snapchat, and linkedin...which do you click first?', 4, 27, 4, 0, 0.000),
(109, 'You open ur phone and have a notif badge on instagram, facebook, snapchat, and linkedin...which do you click first?', 4, 28, 1, 7, 0.333),
(110, 'You open ur phone and have a notif badge on instagram, facebook, snapchat, and linkedin...which do you click first?', 4, 28, 2, 1, 0.048),
(111, 'You open ur phone and have a notif badge on instagram, facebook, snapchat, and linkedin...which do you click first?', 4, 28, 3, 12, 0.571),
(112, 'You open ur phone and have a notif badge on instagram, facebook, snapchat, and linkedin...which do you click first?', 4, 28, 4, 1, 0.048),
(113, 'You open ur phone and have a notif badge on instagram, facebook, snapchat, and linkedin...which do you click first?', 4, 29, 1, 14, 0.311),
(114, 'You open ur phone and have a notif badge on instagram, facebook, snapchat, and linkedin...which do you click first?', 4, 29, 2, 3, 0.067),
(115, 'You open ur phone and have a notif badge on instagram, facebook, snapchat, and linkedin...which do you click first?', 4, 29, 3, 27, 0.600),
(116, 'You open ur phone and have a notif badge on instagram, facebook, snapchat, and linkedin...which do you click first?', 4, 29, 4, 1, 0.022),
(117, 'You open ur phone and have a notif badge on instagram, facebook, snapchat, and linkedin...which do you click first?', 4, 30, 1, 0, 0.000),
(118, 'You open ur phone and have a notif badge on instagram, facebook, snapchat, and linkedin...which do you click first?', 4, 30, 2, 0, 0.000),
(119, 'You open ur phone and have a notif badge on instagram, facebook, snapchat, and linkedin...which do you click first?', 4, 30, 3, 1, 1.000),
(120, 'You open ur phone and have a notif badge on instagram, facebook, snapchat, and linkedin...which do you click first?', 4, 30, 4, 0, 0.000),
(121, 'You open ur phone and have a notif badge on instagram, facebook, snapchat, and linkedin...which do you click first?', 4, 31, 1, 1, 1.000),
(122, 'You open ur phone and have a notif badge on instagram, facebook, snapchat, and linkedin...which do you click first?', 4, 31, 2, 0, 0.000),
(123, 'You open ur phone and have a notif badge on instagram, facebook, snapchat, and linkedin...which do you click first?', 4, 31, 3, 0, 0.000),
(124, 'You open ur phone and have a notif badge on instagram, facebook, snapchat, and linkedin...which do you click first?', 4, 31, 4, 0, 0.000),
(125, 'You open ur phone and have a notif badge on instagram, facebook, snapchat, and linkedin...which do you click first?', 4, 32, 1, 0, 0.000),
(126, 'You open ur phone and have a notif badge on instagram, facebook, snapchat, and linkedin...which do you click first?', 4, 32, 2, 1, 1.000),
(127, 'You open ur phone and have a notif badge on instagram, facebook, snapchat, and linkedin...which do you click first?', 4, 32, 3, 0, 0.000),
(128, 'You open ur phone and have a notif badge on instagram, facebook, snapchat, and linkedin...which do you click first?', 4, 32, 4, 0, 0.000),
(129, 'You open ur phone and have a notif badge on instagram, facebook, snapchat, and linkedin...which do you click first?', 4, 33, 1, 0, 0.000),
(130, 'You open ur phone and have a notif badge on instagram, facebook, snapchat, and linkedin...which do you click first?', 4, 33, 2, 0, 0.000),
(131, 'You open ur phone and have a notif badge on instagram, facebook, snapchat, and linkedin...which do you click first?', 4, 33, 3, 1, 1.000),
(132, 'You open ur phone and have a notif badge on instagram, facebook, snapchat, and linkedin...which do you click first?', 4, 33, 4, 0, 0.000),
(133, 'You open ur phone and have a notif badge on instagram, facebook, snapchat, and linkedin...which do you click first?', 4, 34, 1, 0, 0.000),
(134, 'You open ur phone and have a notif badge on instagram, facebook, snapchat, and linkedin...which do you click first?', 4, 34, 2, 0, 0.000),
(135, 'You open ur phone and have a notif badge on instagram, facebook, snapchat, and linkedin...which do you click first?', 4, 34, 3, 1, 1.000),
(136, 'You open ur phone and have a notif badge on instagram, facebook, snapchat, and linkedin...which do you click first?', 4, 34, 4, 0, 0.000),
(137, 'You open ur phone and have a notif badge on instagram, facebook, snapchat, and linkedin...which do you click first?', 4, 35, 1, 0, 0.000),
(138, 'You open ur phone and have a notif badge on instagram, facebook, snapchat, and linkedin...which do you click first?', 4, 35, 2, 0, 0.000),
(139, 'You open ur phone and have a notif badge on instagram, facebook, snapchat, and linkedin...which do you click first?', 4, 35, 3, 1, 1.000),
(140, 'You open ur phone and have a notif badge on instagram, facebook, snapchat, and linkedin...which do you click first?', 4, 35, 4, 0, 0.000),
(141, 'You open ur phone and have a notif badge on instagram, facebook, snapchat, and linkedin...which do you click first?', 4, 36, 1, 1, 1.000),
(142, 'You open ur phone and have a notif badge on instagram, facebook, snapchat, and linkedin...which do you click first?', 4, 36, 2, 0, 0.000),
(143, 'You open ur phone and have a notif badge on instagram, facebook, snapchat, and linkedin...which do you click first?', 4, 36, 3, 0, 0.000),
(144, 'You open ur phone and have a notif badge on instagram, facebook, snapchat, and linkedin...which do you click first?', 4, 36, 4, 0, 0.000),
(145, 'You open ur phone and have a notif badge on instagram, facebook, snapchat, and linkedin...which do you click first?', 4, 37, 1, 1, 1.000),
(146, 'You open ur phone and have a notif badge on instagram, facebook, snapchat, and linkedin...which do you click first?', 4, 37, 2, 0, 0.000),
(147, 'You open ur phone and have a notif badge on instagram, facebook, snapchat, and linkedin...which do you click first?', 4, 37, 3, 0, 0.000),
(148, 'You open ur phone and have a notif badge on instagram, facebook, snapchat, and linkedin...which do you click first?', 4, 37, 4, 0, 0.000),
(149, 'You open ur phone and have a notif badge on instagram, facebook, snapchat, and linkedin...which do you click first?', 4, 38, 1, 0, 0.000),
(150, 'You open ur phone and have a notif badge on instagram, facebook, snapchat, and linkedin...which do you click first?', 4, 38, 2, 0, 0.000),
(151, 'You open ur phone and have a notif badge on instagram, facebook, snapchat, and linkedin...which do you click first?', 4, 38, 3, 1, 1.000),
(152, 'You open ur phone and have a notif badge on instagram, facebook, snapchat, and linkedin...which do you click first?', 4, 38, 4, 0, 0.000),
(153, 'You open ur phone and have a notif badge on instagram, facebook, snapchat, and linkedin...which do you click first?', 4, 39, 1, 0, 0.000),
(154, 'You open ur phone and have a notif badge on instagram, facebook, snapchat, and linkedin...which do you click first?', 4, 39, 2, 0, 0.000),
(155, 'You open ur phone and have a notif badge on instagram, facebook, snapchat, and linkedin...which do you click first?', 4, 39, 3, 2, 1.000),
(156, 'You open ur phone and have a notif badge on instagram, facebook, snapchat, and linkedin...which do you click first?', 4, 39, 4, 0, 0.000),
(157, 'You open ur phone and have a notif badge on instagram, facebook, snapchat, and linkedin...which do you click first?', 4, 40, 1, 1, 1.000),
(158, 'You open ur phone and have a notif badge on instagram, facebook, snapchat, and linkedin...which do you click first?', 4, 40, 2, 0, 0.000),
(159, 'You open ur phone and have a notif badge on instagram, facebook, snapchat, and linkedin...which do you click first?', 4, 40, 3, 0, 0.000),
(160, 'You open ur phone and have a notif badge on instagram, facebook, snapchat, and linkedin...which do you click first?', 4, 40, 4, 0, 0.000),
(161, 'You open ur phone and have a notif badge on instagram, facebook, snapchat, and linkedin...which do you click first?', 4, 41, 1, 1, 1.000),
(162, 'You open ur phone and have a notif badge on instagram, facebook, snapchat, and linkedin...which do you click first?', 4, 41, 2, 0, 0.000),
(163, 'You open ur phone and have a notif badge on instagram, facebook, snapchat, and linkedin...which do you click first?', 4, 41, 3, 0, 0.000),
(164, 'You open ur phone and have a notif badge on instagram, facebook, snapchat, and linkedin...which do you click first?', 4, 41, 4, 0, 0.000),
(165, 'You open ur phone and have a notif badge on instagram, facebook, snapchat, and linkedin...which do you click first?', 4, 42, 1, 0, 0.000),
(166, 'You open ur phone and have a notif badge on instagram, facebook, snapchat, and linkedin...which do you click first?', 4, 42, 2, 0, 0.000),
(167, 'You open ur phone and have a notif badge on instagram, facebook, snapchat, and linkedin...which do you click first?', 4, 42, 3, 1, 1.000),
(168, 'You open ur phone and have a notif badge on instagram, facebook, snapchat, and linkedin...which do you click first?', 4, 42, 4, 0, 0.000),
(169, 'You open ur phone and have a notif badge on instagram, facebook, snapchat, and linkedin...which do you click first?', 4, 43, 1, 0, 0.000),
(170, 'You open ur phone and have a notif badge on instagram, facebook, snapchat, and linkedin...which do you click first?', 4, 43, 2, 2, 1.000),
(171, 'You open ur phone and have a notif badge on instagram, facebook, snapchat, and linkedin...which do you click first?', 4, 43, 3, 0, 0.000),
(172, 'You open ur phone and have a notif badge on instagram, facebook, snapchat, and linkedin...which do you click first?', 4, 43, 4, 0, 0.000),
(173, 'You open ur phone and have a notif badge on instagram, facebook, snapchat, and linkedin...which do you click first?', 4, 44, 1, 1, 1.000),
(174, 'You open ur phone and have a notif badge on instagram, facebook, snapchat, and linkedin...which do you click first?', 4, 44, 2, 0, 0.000),
(175, 'You open ur phone and have a notif badge on instagram, facebook, snapchat, and linkedin...which do you click first?', 4, 44, 3, 0, 0.000),
(176, 'You open ur phone and have a notif badge on instagram, facebook, snapchat, and linkedin...which do you click first?', 4, 44, 4, 0, 0.000),
(177, 'You open ur phone and have a notif badge on instagram, facebook, snapchat, and linkedin...which do you click first?', 4, 45, 1, 0, 0.000),
(178, 'You open ur phone and have a notif badge on instagram, facebook, snapchat, and linkedin...which do you click first?', 4, 45, 2, 0, 0.000),
(179, 'You open ur phone and have a notif badge on instagram, facebook, snapchat, and linkedin...which do you click first?', 4, 45, 3, 1, 1.000),
(180, 'You open ur phone and have a notif badge on instagram, facebook, snapchat, and linkedin...which do you click first?', 4, 45, 4, 0, 0.000),
(181, 'You open ur phone and have a notif badge on instagram, facebook, snapchat, and linkedin...which do you click first?', 4, 46, 1, 0, 0.000),
(182, 'You open ur phone and have a notif badge on instagram, facebook, snapchat, and linkedin...which do you click first?', 4, 46, 2, 0, 0.000),
(183, 'You open ur phone and have a notif badge on instagram, facebook, snapchat, and linkedin...which do you click first?', 4, 46, 3, 1, 1.000),
(184, 'You open ur phone and have a notif badge on instagram, facebook, snapchat, and linkedin...which do you click first?', 4, 46, 4, 0, 0.000),
(185, 'You open ur phone and have a notif badge on instagram, facebook, snapchat, and linkedin...which do you click first?', 4, 47, 1, 1, 1.000),
(186, 'You open ur phone and have a notif badge on instagram, facebook, snapchat, and linkedin...which do you click first?', 4, 47, 2, 0, 0.000),
(187, 'You open ur phone and have a notif badge on instagram, facebook, snapchat, and linkedin...which do you click first?', 4, 47, 3, 0, 0.000),
(188, 'You open ur phone and have a notif badge on instagram, facebook, snapchat, and linkedin...which do you click first?', 4, 47, 4, 0, 0.000),
(189, 'You open ur phone and have a notif badge on instagram, facebook, snapchat, and linkedin...which do you click first?', 4, 48, 1, 0, 0.000),
(190, 'You open ur phone and have a notif badge on instagram, facebook, snapchat, and linkedin...which do you click first?', 4, 48, 2, 0, 0.000),
(191, 'You open ur phone and have a notif badge on instagram, facebook, snapchat, and linkedin...which do you click first?', 4, 48, 3, 2, 1.000),
(192, 'You open ur phone and have a notif badge on instagram, facebook, snapchat, and linkedin...which do you click first?', 4, 48, 4, 0, 0.000),
(193, 'You open ur phone and have a notif badge on instagram, facebook, snapchat, and linkedin...which do you click first?', 4, 49, 1, 0, 0.000),
(194, 'You open ur phone and have a notif badge on instagram, facebook, snapchat, and linkedin...which do you click first?', 4, 49, 2, 0, 0.000),
(195, 'You open ur phone and have a notif badge on instagram, facebook, snapchat, and linkedin...which do you click first?', 4, 49, 3, 0, 0.000),
(196, 'You open ur phone and have a notif badge on instagram, facebook, snapchat, and linkedin...which do you click first?', 4, 49, 4, 1, 1.000),
(197, 'You open ur phone and have a notif badge on instagram, facebook, snapchat, and linkedin...which do you click first?', 4, 50, 1, 1, 0.333),
(198, 'You open ur phone and have a notif badge on instagram, facebook, snapchat, and linkedin...which do you click first?', 4, 50, 2, 0, 0.000),
(199, 'You open ur phone and have a notif badge on instagram, facebook, snapchat, and linkedin...which do you click first?', 4, 50, 3, 2, 0.667),
(200, 'You open ur phone and have a notif badge on instagram, facebook, snapchat, and linkedin...which do you click first?', 4, 50, 4, 0, 0.000),
(201, 'You open ur phone and have a notif badge on instagram, facebook, snapchat, and linkedin...which do you click first?', 4, 51, 1, 1, 1.000),
(202, 'You open ur phone and have a notif badge on instagram, facebook, snapchat, and linkedin...which do you click first?', 4, 51, 2, 0, 0.000),
(203, 'You open ur phone and have a notif badge on instagram, facebook, snapchat, and linkedin...which do you click first?', 4, 51, 3, 0, 0.000),
(204, 'You open ur phone and have a notif badge on instagram, facebook, snapchat, and linkedin...which do you click first?', 4, 51, 4, 0, 0.000),
(205, 'You open ur phone and have a notif badge on instagram, facebook, snapchat, and linkedin...which do you click first?', 4, 52, 1, 0, 0.000),
(206, 'You open ur phone and have a notif badge on instagram, facebook, snapchat, and linkedin...which do you click first?', 4, 52, 2, 2, 1.000),
(207, 'You open ur phone and have a notif badge on instagram, facebook, snapchat, and linkedin...which do you click first?', 4, 52, 3, 0, 0.000),
(208, 'You open ur phone and have a notif badge on instagram, facebook, snapchat, and linkedin...which do you click first?', 4, 52, 4, 0, 0.000),
(209, 'You open ur phone and have a notif badge on instagram, facebook, snapchat, and linkedin...which do you click first?', 4, 53, 1, 0, 0.000),
(210, 'You open ur phone and have a notif badge on instagram, facebook, snapchat, and linkedin...which do you click first?', 4, 53, 2, 0, 0.000),
(211, 'You open ur phone and have a notif badge on instagram, facebook, snapchat, and linkedin...which do you click first?', 4, 53, 3, 1, 1.000),
(212, 'You open ur phone and have a notif badge on instagram, facebook, snapchat, and linkedin...which do you click first?', 4, 53, 4, 0, 0.000),
(213, 'You open ur phone and have a notif badge on instagram, facebook, snapchat, and linkedin...which do you click first?', 4, 54, 1, 0, 0.000),
(214, 'You open ur phone and have a notif badge on instagram, facebook, snapchat, and linkedin...which do you click first?', 4, 54, 2, 0, 0.000),
(215, 'You open ur phone and have a notif badge on instagram, facebook, snapchat, and linkedin...which do you click first?', 4, 54, 3, 1, 1.000),
(216, 'You open ur phone and have a notif badge on instagram, facebook, snapchat, and linkedin...which do you click first?', 4, 54, 4, 0, 0.000),
(217, 'You open ur phone and have a notif badge on instagram, facebook, snapchat, and linkedin...which do you click first?', 4, 55, 1, 1, 1.000),
(218, 'You open ur phone and have a notif badge on instagram, facebook, snapchat, and linkedin...which do you click first?', 4, 55, 2, 0, 0.000),
(219, 'You open ur phone and have a notif badge on instagram, facebook, snapchat, and linkedin...which do you click first?', 4, 55, 3, 0, 0.000),
(220, 'You open ur phone and have a notif badge on instagram, facebook, snapchat, and linkedin...which do you click first?', 4, 55, 4, 0, 0.000),
(221, 'You open ur phone and have a notif badge on instagram, facebook, snapchat, and linkedin...which do you click first?', 4, 56, 1, 0, 0.000),
(222, 'You open ur phone and have a notif badge on instagram, facebook, snapchat, and linkedin...which do you click first?', 4, 56, 2, 1, 1.000),
(223, 'You open ur phone and have a notif badge on instagram, facebook, snapchat, and linkedin...which do you click first?', 4, 56, 3, 0, 0.000),
(224, 'You open ur phone and have a notif badge on instagram, facebook, snapchat, and linkedin...which do you click first?', 4, 56, 4, 0, 0.000),
(225, 'You open ur phone and have a notif badge on instagram, facebook, snapchat, and linkedin...which do you click first?', 4, 57, 1, 0, 0.000),
(226, 'You open ur phone and have a notif badge on instagram, facebook, snapchat, and linkedin...which do you click first?', 4, 57, 2, 0, 0.000),
(227, 'You open ur phone and have a notif badge on instagram, facebook, snapchat, and linkedin...which do you click first?', 4, 57, 3, 1, 1.000),
(228, 'You open ur phone and have a notif badge on instagram, facebook, snapchat, and linkedin...which do you click first?', 4, 57, 4, 0, 0.000),
(229, 'You open ur phone and have a notif badge on instagram, facebook, snapchat, and linkedin...which do you click first?', 4, 58, 1, 1, 0.500),
(230, 'You open ur phone and have a notif badge on instagram, facebook, snapchat, and linkedin...which do you click first?', 4, 58, 2, 0, 0.000),
(231, 'You open ur phone and have a notif badge on instagram, facebook, snapchat, and linkedin...which do you click first?', 4, 58, 3, 1, 0.500),
(232, 'You open ur phone and have a notif badge on instagram, facebook, snapchat, and linkedin...which do you click first?', 4, 58, 4, 0, 0.000),
(233, 'You open ur phone and have a notif badge on instagram, facebook, snapchat, and linkedin...which do you click first?', 4, 59, 1, 1, 1.000),
(234, 'You open ur phone and have a notif badge on instagram, facebook, snapchat, and linkedin...which do you click first?', 4, 59, 2, 0, 0.000),
(235, 'You open ur phone and have a notif badge on instagram, facebook, snapchat, and linkedin...which do you click first?', 4, 59, 3, 0, 0.000),
(236, 'You open ur phone and have a notif badge on instagram, facebook, snapchat, and linkedin...which do you click first?', 4, 59, 4, 0, 0.000),
(237, 'You open ur phone and have a notif badge on instagram, facebook, snapchat, and linkedin...which do you click first?', 4, 60, 1, 0, 0.000),
(238, 'You open ur phone and have a notif badge on instagram, facebook, snapchat, and linkedin...which do you click first?', 4, 60, 2, 0, 0.000),
(239, 'You open ur phone and have a notif badge on instagram, facebook, snapchat, and linkedin...which do you click first?', 4, 60, 3, 1, 1.000),
(240, 'You open ur phone and have a notif badge on instagram, facebook, snapchat, and linkedin...which do you click first?', 4, 60, 4, 0, 0.000),
(241, 'You open ur phone and have a notif badge on instagram, facebook, snapchat, and linkedin...which do you click first?', 4, 61, 1, 1, 1.000),
(242, 'You open ur phone and have a notif badge on instagram, facebook, snapchat, and linkedin...which do you click first?', 4, 61, 2, 0, 0.000),
(243, 'You open ur phone and have a notif badge on instagram, facebook, snapchat, and linkedin...which do you click first?', 4, 61, 3, 0, 0.000),
(244, 'You open ur phone and have a notif badge on instagram, facebook, snapchat, and linkedin...which do you click first?', 4, 61, 4, 0, 0.000),
(245, 'You open ur phone and have a notif badge on instagram, facebook, snapchat, and linkedin...which do you click first?', 4, 62, 1, 1, 1.000),
(246, 'You open ur phone and have a notif badge on instagram, facebook, snapchat, and linkedin...which do you click first?', 4, 62, 2, 0, 0.000),
(247, 'You open ur phone and have a notif badge on instagram, facebook, snapchat, and linkedin...which do you click first?', 4, 62, 3, 0, 0.000),
(248, 'You open ur phone and have a notif badge on instagram, facebook, snapchat, and linkedin...which do you click first?', 4, 62, 4, 0, 0.000),
(249, 'You open ur phone and have a notif badge on instagram, facebook, snapchat, and linkedin...which do you click first?', 4, 63, 1, 0, 0.000),
(250, 'You open ur phone and have a notif badge on instagram, facebook, snapchat, and linkedin...which do you click first?', 4, 63, 2, 0, 0.000),
(251, 'You open ur phone and have a notif badge on instagram, facebook, snapchat, and linkedin...which do you click first?', 4, 63, 3, 1, 1.000),
(252, 'You open ur phone and have a notif badge on instagram, facebook, snapchat, and linkedin...which do you click first?', 4, 63, 4, 0, 0.000),
(253, 'You open ur phone and have a notif badge on instagram, facebook, snapchat, and linkedin...which do you click first?', 4, 64, 1, 0, 0.000),
(254, 'You open ur phone and have a notif badge on instagram, facebook, snapchat, and linkedin...which do you click first?', 4, 64, 2, 1, 1.000),
(255, 'You open ur phone and have a notif badge on instagram, facebook, snapchat, and linkedin...which do you click first?', 4, 64, 3, 0, 0.000),
(256, 'You open ur phone and have a notif badge on instagram, facebook, snapchat, and linkedin...which do you click first?', 4, 64, 4, 0, 0.000),
(257, 'You open ur phone and have a notif badge on instagram, facebook, snapchat, and linkedin...which do you click first?', 4, 65, 1, 0, 0.000),
(258, 'You open ur phone and have a notif badge on instagram, facebook, snapchat, and linkedin...which do you click first?', 4, 65, 2, 0, 0.000),
(259, 'You open ur phone and have a notif badge on instagram, facebook, snapchat, and linkedin...which do you click first?', 4, 65, 3, 1, 1.000),
(260, 'You open ur phone and have a notif badge on instagram, facebook, snapchat, and linkedin...which do you click first?', 4, 65, 4, 0, 0.000),
(261, 'You open ur phone and have a notif badge on instagram, facebook, snapchat, and linkedin...which do you click first?', 4, 66, 1, 0, 0.000),
(262, 'You open ur phone and have a notif badge on instagram, facebook, snapchat, and linkedin...which do you click first?', 4, 66, 2, 0, 0.000),
(263, 'You open ur phone and have a notif badge on instagram, facebook, snapchat, and linkedin...which do you click first?', 4, 66, 3, 1, 1.000),
(264, 'You open ur phone and have a notif badge on instagram, facebook, snapchat, and linkedin...which do you click first?', 4, 66, 4, 0, 0.000),
(265, 'You open ur phone and have a notif badge on instagram, facebook, snapchat, and linkedin...which do you click first?', 4, 67, 1, 0, 0.000),
(266, 'You open ur phone and have a notif badge on instagram, facebook, snapchat, and linkedin...which do you click first?', 4, 67, 2, 1, 0.500),
(267, 'You open ur phone and have a notif badge on instagram, facebook, snapchat, and linkedin...which do you click first?', 4, 67, 3, 1, 0.500),
(268, 'You open ur phone and have a notif badge on instagram, facebook, snapchat, and linkedin...which do you click first?', 4, 67, 4, 0, 0.000),
(269, 'You open ur phone and have a notif badge on instagram, facebook, snapchat, and linkedin...which do you click first?', 4, 68, 1, 0, 0.000),
(270, 'You open ur phone and have a notif badge on instagram, facebook, snapchat, and linkedin...which do you click first?', 4, 68, 2, 1, 1.000),
(271, 'You open ur phone and have a notif badge on instagram, facebook, snapchat, and linkedin...which do you click first?', 4, 68, 3, 0, 0.000),
(272, 'You open ur phone and have a notif badge on instagram, facebook, snapchat, and linkedin...which do you click first?', 4, 68, 4, 0, 0.000),
(273, 'You open ur phone and have a notif badge on instagram, facebook, snapchat, and linkedin...which do you click first?', 4, 69, 1, 0, 0.000),
(274, 'You open ur phone and have a notif badge on instagram, facebook, snapchat, and linkedin...which do you click first?', 4, 69, 2, 0, 0.000),
(275, 'You open ur phone and have a notif badge on instagram, facebook, snapchat, and linkedin...which do you click first?', 4, 69, 3, 0, 0.000),
(276, 'You open ur phone and have a notif badge on instagram, facebook, snapchat, and linkedin...which do you click first?', 4, 69, 4, 1, 1.000),
(277, 'You open ur phone and have a notif badge on instagram, facebook, snapchat, and linkedin...which do you click first?', 4, 70, 1, 19, 0.388),
(278, 'You open ur phone and have a notif badge on instagram, facebook, snapchat, and linkedin...which do you click first?', 4, 70, 2, 4, 0.082),
(279, 'You open ur phone and have a notif badge on instagram, facebook, snapchat, and linkedin...which do you click first?', 4, 70, 3, 24, 0.490),
(280, 'You open ur phone and have a notif badge on instagram, facebook, snapchat, and linkedin...which do you click first?', 4, 70, 4, 2, 0.041),
(281, 'You open ur phone and have a notif badge on instagram, facebook, snapchat, and linkedin...which do you click first?', 4, 71, 1, 10, 0.172),
(282, 'You open ur phone and have a notif badge on instagram, facebook, snapchat, and linkedin...which do you click first?', 4, 71, 2, 14, 0.241),
(283, 'You open ur phone and have a notif badge on instagram, facebook, snapchat, and linkedin...which do you click first?', 4, 71, 3, 32, 0.552),
(284, 'You open ur phone and have a notif badge on instagram, facebook, snapchat, and linkedin...which do you click first?', 4, 71, 4, 2, 0.034),
(285, 'You open ur phone and have a notif badge on instagram, facebook, snapchat, and linkedin...which do you click first?', 4, 72, 1, 8, 0.205),
(286, 'You open ur phone and have a notif badge on instagram, facebook, snapchat, and linkedin...which do you click first?', 4, 72, 2, 12, 0.308),
(287, 'You open ur phone and have a notif badge on instagram, facebook, snapchat, and linkedin...which do you click first?', 4, 72, 3, 16, 0.410),
(288, 'You open ur phone and have a notif badge on instagram, facebook, snapchat, and linkedin...which do you click first?', 4, 72, 4, 3, 0.077),
(289, 'You open ur phone and have a notif badge on instagram, facebook, snapchat, and linkedin...which do you click first?', 4, 73, 1, 7, 0.189),
(290, 'You open ur phone and have a notif badge on instagram, facebook, snapchat, and linkedin...which do you click first?', 4, 73, 2, 9, 0.243),
(291, 'You open ur phone and have a notif badge on instagram, facebook, snapchat, and linkedin...which do you click first?', 4, 73, 3, 20, 0.541),
(292, 'You open ur phone and have a notif badge on instagram, facebook, snapchat, and linkedin...which do you click first?', 4, 73, 4, 1, 0.027),
(293, 'You open ur phone and have a notif badge on instagram, facebook, snapchat, and linkedin...which do you click first?', 4, 74, 1, 8, 0.286),
(294, 'You open ur phone and have a notif badge on instagram, facebook, snapchat, and linkedin...which do you click first?', 4, 74, 2, 4, 0.143),
(295, 'You open ur phone and have a notif badge on instagram, facebook, snapchat, and linkedin...which do you click first?', 4, 74, 3, 16, 0.571),
(296, 'You open ur phone and have a notif badge on instagram, facebook, snapchat, and linkedin...which do you click first?', 4, 74, 4, 0, 0.000),
(297, 'You open ur phone and have a notif badge on instagram, facebook, snapchat, and linkedin...which do you click first?', 4, 75, 1, 7, 0.318),
(298, 'You open ur phone and have a notif badge on instagram, facebook, snapchat, and linkedin...which do you click first?', 4, 75, 2, 1, 0.045),
(299, 'You open ur phone and have a notif badge on instagram, facebook, snapchat, and linkedin...which do you click first?', 4, 75, 3, 13, 0.591),
(300, 'You open ur phone and have a notif badge on instagram, facebook, snapchat, and linkedin...which do you click first?', 4, 75, 4, 1, 0.045),
(301, 'You open ur phone and have a notif badge on instagram, facebook, snapchat, and linkedin...which do you click first?', 4, 76, 1, 7, 0.175),
(302, 'You open ur phone and have a notif badge on instagram, facebook, snapchat, and linkedin...which do you click first?', 4, 76, 2, 5, 0.125),
(303, 'You open ur phone and have a notif badge on instagram, facebook, snapchat, and linkedin...which do you click first?', 4, 76, 3, 27, 0.675),
(304, 'You open ur phone and have a notif badge on instagram, facebook, snapchat, and linkedin...which do you click first?', 4, 76, 4, 1, 0.025),
(305, 'You open ur phone and have a notif badge on instagram, facebook, snapchat, and linkedin...which do you click first?', 4, 77, 1, 8, 0.276),
(306, 'You open ur phone and have a notif badge on instagram, facebook, snapchat, and linkedin...which do you click first?', 4, 77, 2, 8, 0.276),
(307, 'You open ur phone and have a notif badge on instagram, facebook, snapchat, and linkedin...which do you click first?', 4, 77, 3, 12, 0.414),
(308, 'You open ur phone and have a notif badge on instagram, facebook, snapchat, and linkedin...which do you click first?', 4, 77, 4, 1, 0.034),
(309, 'You open ur phone and have a notif badge on instagram, facebook, snapchat, and linkedin...which do you click first?', 4, 78, 1, 9, 0.290),
(310, 'You open ur phone and have a notif badge on instagram, facebook, snapchat, and linkedin...which do you click first?', 4, 78, 2, 4, 0.129),
(311, 'You open ur phone and have a notif badge on instagram, facebook, snapchat, and linkedin...which do you click first?', 4, 78, 3, 18, 0.581),
(312, 'You open ur phone and have a notif badge on instagram, facebook, snapchat, and linkedin...which do you click first?', 4, 78, 4, 0, 0.000),
(313, 'You open ur phone and have a notif badge on instagram, facebook, snapchat, and linkedin...which do you click first?', 4, 79, 1, 9, 0.300),
(314, 'You open ur phone and have a notif badge on instagram, facebook, snapchat, and linkedin...which do you click first?', 4, 79, 2, 9, 0.300),
(315, 'You open ur phone and have a notif badge on instagram, facebook, snapchat, and linkedin...which do you click first?', 4, 79, 3, 11, 0.367),
(316, 'You open ur phone and have a notif badge on instagram, facebook, snapchat, and linkedin...which do you click first?', 4, 79, 4, 1, 0.033),
(317, 'You open ur phone and have a notif badge on instagram, facebook, snapchat, and linkedin...which do you click first?', 4, 80, 1, 21, 0.328),
(318, 'You open ur phone and have a notif badge on instagram, facebook, snapchat, and linkedin...which do you click first?', 4, 80, 2, 11, 0.172),
(319, 'You open ur phone and have a notif badge on instagram, facebook, snapchat, and linkedin...which do you click first?', 4, 80, 3, 28, 0.438),
(320, 'You open ur phone and have a notif badge on instagram, facebook, snapchat, and linkedin...which do you click first?', 4, 80, 4, 4, 0.063),
(321, 'You open ur phone and have a notif badge on instagram, facebook, snapchat, and linkedin...which do you click first?', 4, 81, 1, 8, 0.348),
(322, 'You open ur phone and have a notif badge on instagram, facebook, snapchat, and linkedin...which do you click first?', 4, 81, 2, 2, 0.087),
(323, 'You open ur phone and have a notif badge on instagram, facebook, snapchat, and linkedin...which do you click first?', 4, 81, 3, 12, 0.522),
(324, 'You open ur phone and have a notif badge on instagram, facebook, snapchat, and linkedin...which do you click first?', 4, 81, 4, 1, 0.043),
(325, 'You open ur phone and have a notif badge on instagram, facebook, snapchat, and linkedin...which do you click first?', 5, 82, 1, 69, 0.217),
(326, 'You open ur phone and have a notif badge on instagram, facebook, snapchat, and linkedin...which do you click first?', 5, 82, 2, 59, 0.186),
(327, 'You open ur phone and have a notif badge on instagram, facebook, snapchat, and linkedin...which do you click first?', 5, 82, 3, 177, 0.557),
(328, 'You open ur phone and have a notif badge on instagram, facebook, snapchat, and linkedin...which do you click first?', 5, 82, 4, 13, 0.041),
(329, 'You open ur phone and have a notif badge on instagram, facebook, snapchat, and linkedin...which do you click first?', 5, 83, 1, 355, 0.278),
(330, 'You open ur phone and have a notif badge on instagram, facebook, snapchat, and linkedin...which do you click first?', 5, 83, 2, 189, 0.148),
(331, 'You open ur phone and have a notif badge on instagram, facebook, snapchat, and linkedin...which do you click first?', 5, 83, 3, 685, 0.537),
(332, 'You open ur phone and have a notif badge on instagram, facebook, snapchat, and linkedin...which do you click first?', 5, 83, 4, 46, 0.036),
(333, 'You open ur phone and have a notif badge on instagram, facebook, snapchat, and linkedin...which do you click first?', 5, 84, 1, 145, 0.238),
(334, 'You open ur phone and have a notif badge on instagram, facebook, snapchat, and linkedin...which do you click first?', 5, 84, 2, 108, 0.177),
(335, 'You open ur phone and have a notif badge on instagram, facebook, snapchat, and linkedin...which do you click first?', 5, 84, 3, 334, 0.548),
(336, 'You open ur phone and have a notif badge on instagram, facebook, snapchat, and linkedin...which do you click first?', 5, 84, 4, 22, 0.036),
(337, 'You open ur phone and have a notif badge on instagram, facebook, snapchat, and linkedin...which do you click first?', 5, 85, 1, 66, 0.324),
(338, 'You open ur phone and have a notif badge on instagram, facebook, snapchat, and linkedin...which do you click first?', 5, 85, 2, 31, 0.152),
(339, 'You open ur phone and have a notif badge on instagram, facebook, snapchat, and linkedin...which do you click first?', 5, 85, 3, 100, 0.490),
(340, 'You open ur phone and have a notif badge on instagram, facebook, snapchat, and linkedin...which do you click first?', 5, 85, 4, 7, 0.034),
(341, 'You open ur phone and have a notif badge on instagram, facebook, snapchat, and linkedin...which do you click first?', 5, 86, 1, 40, 0.245),
(342, 'You open ur phone and have a notif badge on instagram, facebook, snapchat, and linkedin...which do you click first?', 5, 86, 2, 17, 0.104),
(343, 'You open ur phone and have a notif badge on instagram, facebook, snapchat, and linkedin...which do you click first?', 5, 86, 3, 101, 0.620),
(344, 'You open ur phone and have a notif badge on instagram, facebook, snapchat, and linkedin...which do you click first?', 5, 86, 4, 5, 0.031),
(345, 'You open ur phone and have a notif badge on instagram, facebook, snapchat, and linkedin...which do you click first?', 5, 87, 1, 27, 0.260),
(346, 'You open ur phone and have a notif badge on instagram, facebook, snapchat, and linkedin...which do you click first?', 5, 87, 2, 20, 0.192);
INSERT INTO `main` (`id`, `question`, `segment_id`, `description_id`, `platform_id`, `votes`, `percentage`) VALUES
(347, 'You open ur phone and have a notif badge on instagram, facebook, snapchat, and linkedin...which do you click first?', 5, 87, 3, 54, 0.519),
(348, 'You open ur phone and have a notif badge on instagram, facebook, snapchat, and linkedin...which do you click first?', 5, 87, 4, 3, 0.029),
(349, 'You open ur phone and have a notif badge on instagram, facebook, snapchat, and linkedin...which do you click first?', 5, 88, 1, 135, 0.236),
(350, 'You open ur phone and have a notif badge on instagram, facebook, snapchat, and linkedin...which do you click first?', 5, 88, 2, 121, 0.212),
(351, 'You open ur phone and have a notif badge on instagram, facebook, snapchat, and linkedin...which do you click first?', 5, 88, 3, 297, 0.519),
(352, 'You open ur phone and have a notif badge on instagram, facebook, snapchat, and linkedin...which do you click first?', 5, 88, 4, 19, 0.033),
(353, 'You open ur phone and have a notif badge on instagram, facebook, snapchat, and linkedin...which do you click first?', 5, 89, 1, 103, 0.312),
(354, 'You open ur phone and have a notif badge on instagram, facebook, snapchat, and linkedin...which do you click first?', 5, 89, 2, 55, 0.167),
(355, 'You open ur phone and have a notif badge on instagram, facebook, snapchat, and linkedin...which do you click first?', 5, 89, 3, 163, 0.494),
(356, 'You open ur phone and have a notif badge on instagram, facebook, snapchat, and linkedin...which do you click first?', 5, 89, 4, 9, 0.027),
(357, 'You open ur phone and have a notif badge on instagram, facebook, snapchat, and linkedin...which do you click first?', 5, 90, 1, 237, 0.270),
(358, 'You open ur phone and have a notif badge on instagram, facebook, snapchat, and linkedin...which do you click first?', 5, 90, 2, 154, 0.176),
(359, 'You open ur phone and have a notif badge on instagram, facebook, snapchat, and linkedin...which do you click first?', 5, 90, 3, 450, 0.513),
(360, 'You open ur phone and have a notif badge on instagram, facebook, snapchat, and linkedin...which do you click first?', 5, 90, 4, 36, 0.041),
(361, 'You open ur phone and have a notif badge on instagram, facebook, snapchat, and linkedin...which do you click first?', 5, 91, 1, 171, 0.268),
(362, 'You open ur phone and have a notif badge on instagram, facebook, snapchat, and linkedin...which do you click first?', 5, 91, 2, 117, 0.183),
(363, 'You open ur phone and have a notif badge on instagram, facebook, snapchat, and linkedin...which do you click first?', 5, 91, 3, 330, 0.516),
(364, 'You open ur phone and have a notif badge on instagram, facebook, snapchat, and linkedin...which do you click first?', 5, 91, 4, 21, 0.033),
(365, 'You open ur phone and have a notif badge on instagram, facebook, snapchat, and linkedin...which do you click first?', 5, 92, 1, 97, 0.274),
(366, 'You open ur phone and have a notif badge on instagram, facebook, snapchat, and linkedin...which do you click first?', 5, 92, 2, 74, 0.209),
(367, 'You open ur phone and have a notif badge on instagram, facebook, snapchat, and linkedin...which do you click first?', 5, 92, 3, 170, 0.480),
(368, 'You open ur phone and have a notif badge on instagram, facebook, snapchat, and linkedin...which do you click first?', 5, 92, 4, 13, 0.037),
(369, 'You open ur phone and have a notif badge on instagram, facebook, snapchat, and linkedin...which do you click first?', 5, 93, 1, 93, 0.252),
(370, 'You open ur phone and have a notif badge on instagram, facebook, snapchat, and linkedin...which do you click first?', 5, 93, 2, 60, 0.163),
(371, 'You open ur phone and have a notif badge on instagram, facebook, snapchat, and linkedin...which do you click first?', 5, 93, 3, 200, 0.542),
(372, 'You open ur phone and have a notif badge on instagram, facebook, snapchat, and linkedin...which do you click first?', 5, 93, 4, 16, 0.043),
(373, 'You open ur phone and have a notif badge on instagram, facebook, snapchat, and linkedin...which do you click first?', 5, 94, 1, 39, 0.214),
(374, 'You open ur phone and have a notif badge on instagram, facebook, snapchat, and linkedin...which do you click first?', 5, 94, 2, 48, 0.264),
(375, 'You open ur phone and have a notif badge on instagram, facebook, snapchat, and linkedin...which do you click first?', 5, 94, 3, 86, 0.473),
(376, 'You open ur phone and have a notif badge on instagram, facebook, snapchat, and linkedin...which do you click first?', 5, 94, 4, 9, 0.049),
(377, 'You open ur phone and have a notif badge on instagram, facebook, snapchat, and linkedin...which do you click first?', 5, 95, 1, 56, 0.289),
(378, 'You open ur phone and have a notif badge on instagram, facebook, snapchat, and linkedin...which do you click first?', 5, 95, 2, 36, 0.186),
(379, 'You open ur phone and have a notif badge on instagram, facebook, snapchat, and linkedin...which do you click first?', 5, 95, 3, 93, 0.479),
(380, 'You open ur phone and have a notif badge on instagram, facebook, snapchat, and linkedin...which do you click first?', 5, 95, 4, 9, 0.046),
(381, 'You open ur phone and have a notif badge on instagram, facebook, snapchat, and linkedin...which do you click first?', 5, 96, 1, 1, 0.500),
(382, 'You open ur phone and have a notif badge on instagram, facebook, snapchat, and linkedin...which do you click first?', 5, 96, 2, 1, 0.500),
(383, 'You open ur phone and have a notif badge on instagram, facebook, snapchat, and linkedin...which do you click first?', 5, 96, 3, 0, 0.000),
(384, 'You open ur phone and have a notif badge on instagram, facebook, snapchat, and linkedin...which do you click first?', 5, 96, 4, 0, 0.000),
(385, 'You open ur phone and have a notif badge on instagram, facebook, snapchat, and linkedin...which do you click first?', 5, 97, 1, 0, 0.000),
(386, 'You open ur phone and have a notif badge on instagram, facebook, snapchat, and linkedin...which do you click first?', 5, 97, 2, 0, 0.000),
(387, 'You open ur phone and have a notif badge on instagram, facebook, snapchat, and linkedin...which do you click first?', 5, 97, 3, 1, 1.000),
(388, 'You open ur phone and have a notif badge on instagram, facebook, snapchat, and linkedin...which do you click first?', 5, 97, 4, 0, 0.000),
(389, 'You open ur phone and have a notif badge on instagram, facebook, snapchat, and linkedin...which do you click first?', 5, 98, 1, 125, 0.281),
(390, 'You open ur phone and have a notif badge on instagram, facebook, snapchat, and linkedin...which do you click first?', 5, 98, 2, 54, 0.121),
(391, 'You open ur phone and have a notif badge on instagram, facebook, snapchat, and linkedin...which do you click first?', 5, 98, 3, 253, 0.569),
(392, 'You open ur phone and have a notif badge on instagram, facebook, snapchat, and linkedin...which do you click first?', 5, 98, 4, 13, 0.029),
(393, 'You open ur phone and have a notif badge on instagram, facebook, snapchat, and linkedin...which do you click first?', 5, 99, 1, 166, 0.279),
(394, 'You open ur phone and have a notif badge on instagram, facebook, snapchat, and linkedin...which do you click first?', 5, 99, 2, 124, 0.209),
(395, 'You open ur phone and have a notif badge on instagram, facebook, snapchat, and linkedin...which do you click first?', 5, 99, 3, 285, 0.480),
(396, 'You open ur phone and have a notif badge on instagram, facebook, snapchat, and linkedin...which do you click first?', 5, 99, 4, 19, 0.032),
(397, 'You open ur phone and have a notif badge on instagram, facebook, snapchat, and linkedin...which do you click first?', 5, 100, 1, 102, 0.248),
(398, 'You open ur phone and have a notif badge on instagram, facebook, snapchat, and linkedin...which do you click first?', 5, 100, 2, 53, 0.129),
(399, 'You open ur phone and have a notif badge on instagram, facebook, snapchat, and linkedin...which do you click first?', 5, 100, 3, 234, 0.568),
(400, 'You open ur phone and have a notif badge on instagram, facebook, snapchat, and linkedin...which do you click first?', 5, 100, 4, 23, 0.056),
(401, 'You open ur phone and have a notif badge on instagram, facebook, snapchat, and linkedin...which do you click first?', 5, 101, 1, 1, 0.167),
(402, 'You open ur phone and have a notif badge on instagram, facebook, snapchat, and linkedin...which do you click first?', 5, 101, 2, 2, 0.333),
(403, 'You open ur phone and have a notif badge on instagram, facebook, snapchat, and linkedin...which do you click first?', 5, 101, 3, 1, 0.167),
(404, 'You open ur phone and have a notif badge on instagram, facebook, snapchat, and linkedin...which do you click first?', 5, 101, 4, 2, 0.333),
(405, 'You open ur phone and have a notif badge on instagram, facebook, snapchat, and linkedin...which do you click first?', 5, 102, 1, 33, 0.224),
(406, 'You open ur phone and have a notif badge on instagram, facebook, snapchat, and linkedin...which do you click first?', 5, 102, 2, 29, 0.197),
(407, 'You open ur phone and have a notif badge on instagram, facebook, snapchat, and linkedin...which do you click first?', 5, 102, 3, 79, 0.537),
(408, 'You open ur phone and have a notif badge on instagram, facebook, snapchat, and linkedin...which do you click first?', 5, 102, 4, 6, 0.041),
(409, 'You open ur phone and have a notif badge on instagram, facebook, snapchat, and linkedin...which do you click first?', 5, 103, 1, 18, 0.254),
(410, 'You open ur phone and have a notif badge on instagram, facebook, snapchat, and linkedin...which do you click first?', 5, 103, 2, 8, 0.113),
(411, 'You open ur phone and have a notif badge on instagram, facebook, snapchat, and linkedin...which do you click first?', 5, 103, 3, 43, 0.606),
(412, 'You open ur phone and have a notif badge on instagram, facebook, snapchat, and linkedin...which do you click first?', 5, 103, 4, 2, 0.028),
(413, 'You open ur phone and have a notif badge on instagram, facebook, snapchat, and linkedin...which do you click first?', 5, 104, 1, 1, 0.500),
(414, 'You open ur phone and have a notif badge on instagram, facebook, snapchat, and linkedin...which do you click first?', 5, 104, 2, 0, 0.000),
(415, 'You open ur phone and have a notif badge on instagram, facebook, snapchat, and linkedin...which do you click first?', 5, 104, 3, 1, 0.500),
(416, 'You open ur phone and have a notif badge on instagram, facebook, snapchat, and linkedin...which do you click first?', 5, 104, 4, 0, 0.000),
(417, 'You open ur phone and have a notif badge on instagram, facebook, snapchat, and linkedin...which do you click first?', 5, 105, 1, 1116, 0.265),
(418, 'You open ur phone and have a notif badge on instagram, facebook, snapchat, and linkedin...which do you click first?', 5, 105, 2, 711, 0.169),
(419, 'You open ur phone and have a notif badge on instagram, facebook, snapchat, and linkedin...which do you click first?', 5, 105, 3, 2265, 0.537),
(420, 'You open ur phone and have a notif badge on instagram, facebook, snapchat, and linkedin...which do you click first?', 5, 105, 4, 127, 0.030),
(421, 'You open ur phone and have a notif badge on instagram, facebook, snapchat, and linkedin...which do you click first?', 5, 106, 1, 9, 0.231),
(422, 'You open ur phone and have a notif badge on instagram, facebook, snapchat, and linkedin...which do you click first?', 5, 106, 2, 6, 0.154),
(423, 'You open ur phone and have a notif badge on instagram, facebook, snapchat, and linkedin...which do you click first?', 5, 106, 3, 22, 0.564),
(424, 'You open ur phone and have a notif badge on instagram, facebook, snapchat, and linkedin...which do you click first?', 5, 106, 4, 2, 0.051),
(425, 'You open ur phone and have a notif badge on instagram, facebook, snapchat, and linkedin...which do you click first?', 5, 107, 1, 36, 0.220),
(426, 'You open ur phone and have a notif badge on instagram, facebook, snapchat, and linkedin...which do you click first?', 5, 107, 2, 29, 0.177),
(427, 'You open ur phone and have a notif badge on instagram, facebook, snapchat, and linkedin...which do you click first?', 5, 107, 3, 86, 0.524),
(428, 'You open ur phone and have a notif badge on instagram, facebook, snapchat, and linkedin...which do you click first?', 5, 107, 4, 13, 0.079),
(429, 'You open ur phone and have a notif badge on instagram, facebook, snapchat, and linkedin...which do you click first?', 5, 108, 1, 74, 0.228),
(430, 'You open ur phone and have a notif badge on instagram, facebook, snapchat, and linkedin...which do you click first?', 5, 108, 2, 58, 0.178),
(431, 'You open ur phone and have a notif badge on instagram, facebook, snapchat, and linkedin...which do you click first?', 5, 108, 3, 179, 0.551),
(432, 'You open ur phone and have a notif badge on instagram, facebook, snapchat, and linkedin...which do you click first?', 5, 108, 4, 14, 0.043),
(433, 'You open ur phone and have a notif badge on instagram, facebook, snapchat, and linkedin...which do you click first?', 5, 109, 1, 3, 0.176),
(434, 'You open ur phone and have a notif badge on instagram, facebook, snapchat, and linkedin...which do you click first?', 5, 109, 2, 2, 0.118),
(435, 'You open ur phone and have a notif badge on instagram, facebook, snapchat, and linkedin...which do you click first?', 5, 109, 3, 11, 0.647),
(436, 'You open ur phone and have a notif badge on instagram, facebook, snapchat, and linkedin...which do you click first?', 5, 109, 4, 1, 0.059),
(437, 'You open ur phone and have a notif badge on instagram, facebook, snapchat, and linkedin...which do you click first?', 5, 110, 1, 12, 0.132),
(438, 'You open ur phone and have a notif badge on instagram, facebook, snapchat, and linkedin...which do you click first?', 5, 110, 2, 32, 0.352),
(439, 'You open ur phone and have a notif badge on instagram, facebook, snapchat, and linkedin...which do you click first?', 5, 110, 3, 42, 0.462),
(440, 'You open ur phone and have a notif badge on instagram, facebook, snapchat, and linkedin...which do you click first?', 5, 110, 4, 5, 0.055),
(441, 'You open ur phone and have a notif badge on instagram, facebook, snapchat, and linkedin...which do you click first?', 5, 111, 1, 26, 0.382),
(442, 'You open ur phone and have a notif badge on instagram, facebook, snapchat, and linkedin...which do you click first?', 5, 111, 2, 11, 0.162),
(443, 'You open ur phone and have a notif badge on instagram, facebook, snapchat, and linkedin...which do you click first?', 5, 111, 3, 30, 0.441),
(444, 'You open ur phone and have a notif badge on instagram, facebook, snapchat, and linkedin...which do you click first?', 5, 111, 4, 1, 0.015),
(445, 'You open ur phone and have a notif badge on instagram, facebook, snapchat, and linkedin...which do you click first?', 5, 112, 1, 266, 0.277),
(446, 'You open ur phone and have a notif badge on instagram, facebook, snapchat, and linkedin...which do you click first?', 5, 112, 2, 127, 0.132),
(447, 'You open ur phone and have a notif badge on instagram, facebook, snapchat, and linkedin...which do you click first?', 5, 112, 3, 545, 0.567),
(448, 'You open ur phone and have a notif badge on instagram, facebook, snapchat, and linkedin...which do you click first?', 5, 112, 4, 23, 0.024),
(449, 'You open ur phone and have a notif badge on instagram, facebook, snapchat, and linkedin...which do you click first?', 5, 113, 1, 10, 0.345),
(450, 'You open ur phone and have a notif badge on instagram, facebook, snapchat, and linkedin...which do you click first?', 5, 113, 2, 5, 0.172),
(451, 'You open ur phone and have a notif badge on instagram, facebook, snapchat, and linkedin...which do you click first?', 5, 113, 3, 14, 0.483),
(452, 'You open ur phone and have a notif badge on instagram, facebook, snapchat, and linkedin...which do you click first?', 5, 113, 4, 0, 0.000),
(453, 'You open ur phone and have a notif badge on instagram, facebook, snapchat, and linkedin...which do you click first?', 5, 114, 1, 14, 0.438),
(454, 'You open ur phone and have a notif badge on instagram, facebook, snapchat, and linkedin...which do you click first?', 5, 114, 2, 4, 0.125),
(455, 'You open ur phone and have a notif badge on instagram, facebook, snapchat, and linkedin...which do you click first?', 5, 114, 3, 13, 0.406),
(456, 'You open ur phone and have a notif badge on instagram, facebook, snapchat, and linkedin...which do you click first?', 5, 114, 4, 1, 0.031),
(457, 'You open ur phone and have a notif badge on instagram, facebook, snapchat, and linkedin...which do you click first?', 5, 115, 1, 123, 0.293),
(458, 'You open ur phone and have a notif badge on instagram, facebook, snapchat, and linkedin...which do you click first?', 5, 115, 2, 71, 0.169),
(459, 'You open ur phone and have a notif badge on instagram, facebook, snapchat, and linkedin...which do you click first?', 5, 115, 3, 206, 0.490),
(460, 'You open ur phone and have a notif badge on instagram, facebook, snapchat, and linkedin...which do you click first?', 5, 115, 4, 20, 0.048),
(461, 'You open ur phone and have a notif badge on instagram, facebook, snapchat, and linkedin...which do you click first?', 5, 116, 1, 5, 0.238),
(462, 'You open ur phone and have a notif badge on instagram, facebook, snapchat, and linkedin...which do you click first?', 5, 116, 2, 3, 0.143),
(463, 'You open ur phone and have a notif badge on instagram, facebook, snapchat, and linkedin...which do you click first?', 5, 116, 3, 11, 0.524),
(464, 'You open ur phone and have a notif badge on instagram, facebook, snapchat, and linkedin...which do you click first?', 5, 116, 4, 2, 0.095),
(465, 'You open ur phone and have a notif badge on instagram, facebook, snapchat, and linkedin...which do you click first?', 5, 117, 1, 19, 0.297),
(466, 'You open ur phone and have a notif badge on instagram, facebook, snapchat, and linkedin...which do you click first?', 5, 117, 2, 7, 0.109),
(467, 'You open ur phone and have a notif badge on instagram, facebook, snapchat, and linkedin...which do you click first?', 5, 117, 3, 37, 0.578),
(468, 'You open ur phone and have a notif badge on instagram, facebook, snapchat, and linkedin...which do you click first?', 5, 117, 4, 1, 0.016),
(469, 'You open ur phone and have a notif badge on instagram, facebook, snapchat, and linkedin...which do you click first?', 5, 118, 1, 13, 0.325),
(470, 'You open ur phone and have a notif badge on instagram, facebook, snapchat, and linkedin...which do you click first?', 5, 118, 2, 8, 0.200),
(471, 'You open ur phone and have a notif badge on instagram, facebook, snapchat, and linkedin...which do you click first?', 5, 118, 3, 19, 0.475),
(472, 'You open ur phone and have a notif badge on instagram, facebook, snapchat, and linkedin...which do you click first?', 5, 118, 4, 0, 0.000),
(473, 'You open ur phone and have a notif badge on instagram, facebook, snapchat, and linkedin...which do you click first?', 5, 119, 1, 80, 0.327),
(474, 'You open ur phone and have a notif badge on instagram, facebook, snapchat, and linkedin...which do you click first?', 5, 119, 2, 34, 0.139),
(475, 'You open ur phone and have a notif badge on instagram, facebook, snapchat, and linkedin...which do you click first?', 5, 119, 3, 125, 0.510),
(476, 'You open ur phone and have a notif badge on instagram, facebook, snapchat, and linkedin...which do you click first?', 5, 119, 4, 6, 0.024),
(477, 'You open ur phone and have a notif badge on instagram, facebook, snapchat, and linkedin...which do you click first?', 5, 120, 1, 51, 0.244),
(478, 'You open ur phone and have a notif badge on instagram, facebook, snapchat, and linkedin...which do you click first?', 5, 120, 2, 31, 0.148),
(479, 'You open ur phone and have a notif badge on instagram, facebook, snapchat, and linkedin...which do you click first?', 5, 120, 3, 118, 0.565),
(480, 'You open ur phone and have a notif badge on instagram, facebook, snapchat, and linkedin...which do you click first?', 5, 120, 4, 9, 0.043),
(481, 'You open ur phone and have a notif badge on instagram, facebook, snapchat, and linkedin...which do you click first?', 5, 121, 1, 90, 0.290),
(482, 'You open ur phone and have a notif badge on instagram, facebook, snapchat, and linkedin...which do you click first?', 5, 121, 2, 31, 0.100),
(483, 'You open ur phone and have a notif badge on instagram, facebook, snapchat, and linkedin...which do you click first?', 5, 121, 3, 178, 0.574),
(484, 'You open ur phone and have a notif badge on instagram, facebook, snapchat, and linkedin...which do you click first?', 5, 121, 4, 11, 0.035),
(485, 'You open ur phone and have a notif badge on instagram, facebook, snapchat, and linkedin...which do you click first?', 5, 122, 1, 23, 0.198),
(486, 'You open ur phone and have a notif badge on instagram, facebook, snapchat, and linkedin...which do you click first?', 5, 122, 2, 25, 0.216),
(487, 'You open ur phone and have a notif badge on instagram, facebook, snapchat, and linkedin...which do you click first?', 5, 122, 3, 63, 0.543),
(488, 'You open ur phone and have a notif badge on instagram, facebook, snapchat, and linkedin...which do you click first?', 5, 122, 4, 5, 0.043),
(489, 'You open ur phone and have a notif badge on instagram, facebook, snapchat, and linkedin...which do you click first?', 5, 123, 1, 14, 0.269),
(490, 'You open ur phone and have a notif badge on instagram, facebook, snapchat, and linkedin...which do you click first?', 5, 123, 2, 7, 0.135),
(491, 'You open ur phone and have a notif badge on instagram, facebook, snapchat, and linkedin...which do you click first?', 5, 123, 3, 25, 0.481),
(492, 'You open ur phone and have a notif badge on instagram, facebook, snapchat, and linkedin...which do you click first?', 5, 123, 4, 6, 0.115),
(493, 'You open ur phone and have a notif badge on instagram, facebook, snapchat, and linkedin...which do you click first?', 5, 124, 1, 2, 0.286),
(494, 'You open ur phone and have a notif badge on instagram, facebook, snapchat, and linkedin...which do you click first?', 5, 124, 2, 2, 0.286),
(495, 'You open ur phone and have a notif badge on instagram, facebook, snapchat, and linkedin...which do you click first?', 5, 124, 3, 3, 0.429),
(496, 'You open ur phone and have a notif badge on instagram, facebook, snapchat, and linkedin...which do you click first?', 5, 124, 4, 0, 0.000),
(497, 'You open ur phone and have a notif badge on instagram, facebook, snapchat, and linkedin...which do you click first?', 5, 125, 1, 25, 0.214),
(498, 'You open ur phone and have a notif badge on instagram, facebook, snapchat, and linkedin...which do you click first?', 5, 125, 2, 28, 0.239),
(499, 'You open ur phone and have a notif badge on instagram, facebook, snapchat, and linkedin...which do you click first?', 5, 125, 3, 59, 0.504),
(500, 'You open ur phone and have a notif badge on instagram, facebook, snapchat, and linkedin...which do you click first?', 5, 125, 4, 5, 0.043),
(501, 'You open ur phone and have a notif badge on instagram, facebook, snapchat, and linkedin...which do you click first?', 5, 126, 1, 16, 0.291),
(502, 'You open ur phone and have a notif badge on instagram, facebook, snapchat, and linkedin...which do you click first?', 5, 126, 2, 8, 0.145),
(503, 'You open ur phone and have a notif badge on instagram, facebook, snapchat, and linkedin...which do you click first?', 5, 126, 3, 29, 0.527),
(504, 'You open ur phone and have a notif badge on instagram, facebook, snapchat, and linkedin...which do you click first?', 5, 126, 4, 2, 0.036),
(505, 'You open ur phone and have a notif badge on instagram, facebook, snapchat, and linkedin...which do you click first?', 5, 127, 1, 360, 0.266),
(506, 'You open ur phone and have a notif badge on instagram, facebook, snapchat, and linkedin...which do you click first?', 5, 127, 2, 85, 0.063),
(507, 'You open ur phone and have a notif badge on instagram, facebook, snapchat, and linkedin...which do you click first?', 5, 127, 3, 892, 0.659),
(508, 'You open ur phone and have a notif badge on instagram, facebook, snapchat, and linkedin...which do you click first?', 5, 127, 4, 17, 0.013),
(509, 'You open ur phone and have a notif badge on instagram, facebook, snapchat, and linkedin...which do you click first?', 5, 128, 1, 79, 0.300),
(510, 'You open ur phone and have a notif badge on instagram, facebook, snapchat, and linkedin...which do you click first?', 5, 128, 2, 29, 0.110),
(511, 'You open ur phone and have a notif badge on instagram, facebook, snapchat, and linkedin...which do you click first?', 5, 128, 3, 151, 0.574),
(512, 'You open ur phone and have a notif badge on instagram, facebook, snapchat, and linkedin...which do you click first?', 5, 128, 4, 4, 0.015),
(513, 'You open ur phone and have a notif badge on instagram, facebook, snapchat, and linkedin...which do you click first?', 5, 129, 1, 5, 0.217),
(514, 'You open ur phone and have a notif badge on instagram, facebook, snapchat, and linkedin...which do you click first?', 5, 129, 2, 6, 0.261),
(515, 'You open ur phone and have a notif badge on instagram, facebook, snapchat, and linkedin...which do you click first?', 5, 129, 3, 11, 0.478),
(516, 'You open ur phone and have a notif badge on instagram, facebook, snapchat, and linkedin...which do you click first?', 5, 129, 4, 1, 0.043);

-- --------------------------------------------------------

--
-- Table structure for table `platforms`
--

CREATE TABLE `platforms` (
  `id` int(11) NOT NULL,
  `name` varchar(100) NOT NULL
) ENGINE=InnoDB DEFAULT CHARSET=utf8mb4 ROW_FORMAT=DYNAMIC;

--
-- Dumping data for table `platforms`
--

INSERT INTO `platforms` (`id`, `name`) VALUES
(1, 'Instagram'),
(2, 'Facebook'),
(3, 'Snapchat'),
(4, 'Linkedin');

-- --------------------------------------------------------

--
-- Table structure for table `segments`
--

CREATE TABLE `segments` (
  `id` int(11) NOT NULL,
  `name` varchar(100) NOT NULL
) ENGINE=InnoDB DEFAULT CHARSET=utf8mb4 ROW_FORMAT=DYNAMIC;

--
-- Dumping data for table `segments`
--

INSERT INTO `segments` (`id`, `name`) VALUES
(1, 'Mobile'),
(2, 'Web'),
(3, 'Gender'),
(4, 'University'),
(5, 'Custom');

--
-- Indexes for dumped tables
--

--
-- Indexes for table `descriptions`
--
ALTER TABLE `descriptions`
  ADD PRIMARY KEY (`id`) USING BTREE;

--
-- Indexes for table `main`
--
ALTER TABLE `main`
  ADD PRIMARY KEY (`id`) USING BTREE,
  ADD KEY `main_description` (`description_id`) USING BTREE,
  ADD KEY `main_platform` (`platform_id`) USING BTREE,
  ADD KEY `main_segment` (`segment_id`) USING BTREE;

--
-- Indexes for table `platforms`
--
ALTER TABLE `platforms`
  ADD PRIMARY KEY (`id`) USING BTREE;

--
-- Indexes for table `segments`
--
ALTER TABLE `segments`
  ADD PRIMARY KEY (`id`) USING BTREE;

--
-- AUTO_INCREMENT for dumped tables
--

--
-- AUTO_INCREMENT for table `descriptions`
--
ALTER TABLE `descriptions`
  MODIFY `id` int(11) NOT NULL AUTO_INCREMENT, AUTO_INCREMENT=130;

--
-- AUTO_INCREMENT for table `main`
--
ALTER TABLE `main`
  MODIFY `id` int(11) NOT NULL AUTO_INCREMENT, AUTO_INCREMENT=517;

--
-- AUTO_INCREMENT for table `platforms`
--
ALTER TABLE `platforms`
  MODIFY `id` int(11) NOT NULL AUTO_INCREMENT, AUTO_INCREMENT=5;

--
-- AUTO_INCREMENT for table `segments`
--
ALTER TABLE `segments`
  MODIFY `id` int(11) NOT NULL AUTO_INCREMENT, AUTO_INCREMENT=6;

--
-- Constraints for dumped tables
--

--
-- Constraints for table `main`
--
ALTER TABLE `main`
  ADD CONSTRAINT `main_description` FOREIGN KEY (`description_id`) REFERENCES `descriptions` (`id`) ON DELETE CASCADE ON UPDATE CASCADE,
  ADD CONSTRAINT `main_platform` FOREIGN KEY (`platform_id`) REFERENCES `platforms` (`id`) ON DELETE CASCADE ON UPDATE CASCADE,
  ADD CONSTRAINT `main_segment` FOREIGN KEY (`segment_id`) REFERENCES `segments` (`id`) ON DELETE CASCADE ON UPDATE CASCADE;
COMMIT;

/*!40101 SET CHARACTER_SET_CLIENT=@OLD_CHARACTER_SET_CLIENT */;
/*!40101 SET CHARACTER_SET_RESULTS=@OLD_CHARACTER_SET_RESULTS */;
/*!40101 SET COLLATION_CONNECTION=@OLD_COLLATION_CONNECTION */;
